0,US03931197A;nan;1976;pistachio;202,[O:1]=[C:2]([CH2:3][CH2:4][CH2:5]Cl)[c:6]1[cH:7][cH:8][c:9]([cH:10][cH:11]1)[CH:12]1[CH2:13][CH2:14][CH2:15][CH2:16]1.[OH:17][C:18]([c:19]1[cH:20][cH:21][cH:22][cH:23][cH:24]1)([c:25]1[cH:26][cH:27][cH:28][cH:29][cH:30]1)[CH:31]1[CH2:32][CH2:33][NH:34][CH2:35][CH2:36]1>O.Cc1ccccc1.O=C(O)O[K].I[K]>Cl.[O:1]=[C:2]([CH2:3][CH2:4][CH2:5][N:34]1[CH2:33][CH2:32][CH:31]([CH2:36][CH2:35]1)[C:18]([OH:17])([c:19]1[cH:20][cH:21][cH:22][cH:23][cH:24]1)[c:25]1[cH:26][cH:27][cH:28][cH:29][cH:30]1)[c:6]1[cH:7][cH:8][c:9]([cH:10][cH:11]1)[CH:12]1[CH2:13][CH2:14][CH2:15][CH2:16]1,products > 1
1,US03931197A;nan;1976;pistachio;203,[CH3:1][C:2]([CH3:3])([CH3:4])[c:5]1[cH:6][cH:7][c:8]([cH:9][cH:10]1)[C:11](=[O:12])[CH2:13][CH2:14][CH2:15]Cl.[CH3:16][c:17]1[cH:18][cH:19][c:20]([cH:21][cH:22]1)[C:23]([OH:24])([c:25]1[cH:26][cH:27][cH:28][cH:29][cH:30]1)[CH:31]1[CH2:32][CH2:33][NH:34][CH2:35][CH2:36]1>O.Cc1ccccc1.O=C(O)O[K].I[K]>Cl.[CH3:16][c:17]1[cH:18][cH:19][c:20]([cH:21][cH:22]1)[C:23]([OH:24])([c:25]1[cH:26][cH:27][cH:28][cH:29][cH:30]1)[CH:31]1[CH2:32][CH2:33][N:34]([CH2:35][CH2:36]1)[CH2:15][CH2:14][CH2:13][C:11](=[O:12])[c:8]1[cH:7][cH:6][c:5]([cH:10][cH:9]1)[C:2]([CH3:1])([CH3:3])[CH3:4],products > 1
2,US03931197A;nan;1976;pistachio;204,[CH3:1][C:2]([CH3:3])([CH3:4])[c:5]1[cH:6][cH:7][c:8]([cH:9][cH:10]1)[C:11]([OH:12])([c:13]1[cH:14][cH:15][cH:16][cH:17][cH:18]1)[CH:19]1[CH2:20][CH2:21][NH:22][CH2:23][CH2:24]1.[O:25]=[C:26]([CH2:27][CH2:28][CH2:29]Cl)[c:30]1[cH:31][cH:32][cH:33][cH:34][cH:35]1>Cc1ccccc1.O=C(O[K])O[K].I[K]>[CH3:1][C:2]([CH3:3])([CH3:4])[c:5]1[cH:6][cH:7][c:8]([cH:9][cH:10]1)[C:11]([OH:12])([c:13]1[cH:14][cH:15][cH:16][cH:17][cH:18]1)[CH:19]1[CH2:20][CH2:21][N:22]([CH2:23][CH2:24]1)[CH2:29][CH2:28][CH2:27][C:26](=[O:25])[c:30]1[cH:35][cH:34][cH:33][cH:32][cH:31]1.Cl,products > 1
3,US03931197A;nan;1976;pistachio;205,[CH3:1][C:2]([CH3:3])([CH3:4])[c:5]1[cH:6][cH:7][c:8]([cH:9][cH:10]1)[C:11](=[O:12])[CH2:13][CH2:14][CH2:15]Cl.[OH:16][C:17]([c:18]1[cH:19][cH:20][cH:21][cH:22][cH:23]1)([c:24]1[cH:25][cH:26][c:27]([cH:28][cH:29]1)[Cl:30])[CH:31]1[CH2:32][CH2:33][NH:34][CH2:35][CH2:36]1>O.Cc1ccccc1.O=C(O)O[K].I[K]>Cl.[CH3:1][C:2]([CH3:3])([CH3:4])[c:5]1[cH:6][cH:7][c:8]([cH:9][cH:10]1)[C:11](=[O:12])[CH2:13][CH2:14][CH2:15][N:34]1[CH2:33][CH2:32][CH:31]([CH2:36][CH2:35]1)[C:17]([OH:16])([c:18]1[cH:19][cH:20][cH:21][cH:22][cH:23]1)[c:24]1[cH:25][cH:26][c:27]([cH:28][cH:29]1)[Cl:30],products > 1
4,US03931197A;nan;1976;pistachio;206,C[C:1](C)([CH3:2])[c:3]1[cH:4][cH:5][c:6]([cH:7][cH:8]1)[C:9](=O)[CH2:10][CH2:11][CH2:12][Cl:13].[CH3:14][c:15]1[cH:16][cH:17][c:18]([cH:19][cH:20]1)[C:21]([OH:22])([c:23]1[cH:24][cH:25][cH:26][cH:27][cH:28]1)[CH:29]1[CH2:30][CH2:31][NH:32][CH2:33][CH2:34]1>O.Cc1ccccc1.O=C(O)O[K].I[K]>[ClH:13].[CH3:20][C:15]([CH3:14])([CH3:16])[c:26]1[cH:25][cH:24][c:23]([cH:28][cH:27]1)[C:21](=[O:22])[CH2:29][CH2:34][CH2:33][N:32]1[CH2:31][CH2:30][C:17]([CH2:18][CH2:19]1)=[C:9]([c:10]1[cH:11][cH:12][cH:2][cH:1][cH:3]1)[c:6]1[cH:7][cH:8][c:3]([cH:4][cH:5]1)[CH3:1],products > 1
5,US03931197A;nan;1976;pistachio;207,[O:1]=[C:2]([CH2:3][CH2:4][CH2:5]Cl)[c:6]1[cH:7][cH:8][c:9]([cH:10][cH:11]1)[F:12].[OH:13][C:14]([c:15]1[cH:16][cH:17][cH:18][cH:19][cH:20]1)([c:21]1[cH:22][cH:23][c:24]([cH:25][cH:26]1)[Cl:27])[CH:28]1[CH2:29][CH2:30][NH:31][CH2:32][CH2:33]1>Cc1ccccc1.O=C(O)O[Na].I[K]>Cl.[O:1]=[C:2]([CH2:3][CH2:4][CH2:5][N:31]1[CH2:32][CH2:33][CH:28]([CH2:29][CH2:30]1)[C:14]([OH:13])([c:15]1[cH:16][cH:17][cH:18][cH:19][cH:20]1)[c:21]1[cH:22][cH:23][c:24]([cH:25][cH:26]1)[Cl:27])[c:6]1[cH:11][cH:10][c:9]([cH:8][cH:7]1)[F:12],products > 1
6,US03931197A;nan;1976;pistachio;209,Cl.[ClH:1].[O:2]=[C:3]([CH2:4][CH2:5][CH2:6][N:7]1[CH2:8][CH2:9][CH:10]([CH2:11][CH2:12]1)[C:13](O)([c:14]1[cH:15][cH:16][cH:17][cH:18][cH:19]1)[c:20]1[cH:21][cH:22][cH:23][cH:24][cH:25]1)[c:26]1[cH:27][cH:28][c:29]2[cH:30][cH:31][cH:32][cH:33][c:34]2[cH:35]1>CC(C)O>[ClH:1].[O:2]=[C:3]([CH2:4][CH2:5][CH2:6][N:7]1[CH2:8][CH2:9][C:10]([CH2:11][CH2:12]1)=[C:13]([c:14]1[cH:15][cH:16][cH:17][cH:18][cH:19]1)[c:20]1[cH:21][cH:22][cH:23][cH:24][cH:25]1)[c:26]1[cH:27][cH:28][c:29]2[cH:30][cH:31][cH:32][cH:33][c:34]2[cH:35]1,products > 1
7,US03931203A;nan;1976;pistachio;212,[BrH:1].[O-:2][N+:3](=[O:4])[c:5]1[cH:6][cH:7][c:8]([cH:9][cH:10]1)[NH:11][C:12](=[O:13])[NH:14][CH2:15][c:16]1[cH:17][n:18][cH:19][cH:20][cH:21]1>CCOCC.COCCO>[BrH:1].[O-:2][N+:3](=[O:4])[c:5]1[cH:6][cH:7][c:8]([cH:9][cH:10]1)[NH:11][C:12](=[O:13])[NH:14][CH2:15][c:16]1[cH:17][n:18][cH:19][cH:20][cH:21]1,products > 1
8,US03931202A;nan;1976;pistachio;218,[O-:1][N+:2](=[O:3])[c:4]1[cH:5][cH:6][c:7]([cH:8][cH:9]1)[NH:10][C:11](=[O:12])[O:13][CH2:14][c:15]1[cH:16][n:17][cH:18][cH:19][cH:20]1.Cl[Cu:21][Cl:22]>COCCOC.COCCO>[Cl-:22].[Cl-:22].[O-:3][N+:2](=[O:1])[c:4]1[cH:5][cH:6][c:7]([cH:8][cH:9]1)[NH:10][C:11](=[O:12])[O:13][CH2:14][c:15]1[cH:16][n:17][cH:18][cH:19][cH:20]1.[Cu+2:21],products > 1
9,US03931201A;nan;1976;pistachio;271,[CH3:1][CH:2]1[CH2:3][CH2:4][CH:5]([NH:6]1)[CH3:7].S=[C:8]=[N:9][c:10]1[cH:11][cH:12][c:13]([cH:14][cH:15]1)[O:16][c:17]1[cH:18][cH:19][cH:20][c:21]([n:22]1)[Cl:23]>O.c1ccncc1>[CH3:1][CH:2]1[CH2:3][CH2:4][CH:5]([N:6]1[C:8](=[O:16])[NH:9][c:10]1[cH:15][cH:14][c:13]([cH:12][cH:11]1)[O:16][c:17]1[cH:18][cH:19][cH:20][c:21]([n:22]1)[Cl:23])[CH3:7],template rdkit validation failed
10,US03931201A;nan;1976;pistachio;273,[OH2:1].CN(C)[C:2](=[O:3])[NH:4][c:5]1cc[c:6]([cH:7][cH:8]1)O.[O:9]=[c:10]1c2cc(ccc2c2ccc(cc2[c:11]([n:12]1-[c:13]1[cH:14][cH:15][c:16]2-c3ccccc3C[c:17]2[cH:18]1)=O)Cl)[Cl:19]>CS(C)=O.O[Na]>[CH3:11][N+:12]([CH3:13])([O-:1])[C:10](=[O:9])[NH:12][c:13]1[cH:14][cH:15][c:16]([cH:17][cH:18]1)[O:3][c:2]1[cH:6][cH:7][cH:8][c:5]([n:4]1)[Cl:19],template rdkit validation failed
11,US03931181A;nan;1976;pistachio;284,[CH3:1][O:2][c:3]1[cH:4][c:5]([cH:6][c:7]([c:8]1[C:9](=[O:10])[CH2:11]C)[O:12][CH3:13])-[c:14]1[cH:15][n:16][c:17]([n:18][c:19]1[NH2:20])[NH2:21]>O.[Na+].O[Na].[BH4-]>[CH3:13][O:12][c:7]1[cH:6][c:5]([cH:4][c:3]([c:8]1[CH:9]([CH3:11])[OH:10])[O:2][CH3:1])[CH2:14][c:15]1[cH:17][n:21][c:17]([n:18][c:19]1[NH2:20])[NH2:16],template rdkit validation failed
0,US03931407A;nan;1976;pistachio;902,C[c:1]1[cH:2][cH:3][cH:4][cH:5][cH:6]1.[O:7]=[C:8]([CH2:9]Br)[c:10]1[cH:11][cH:12][cH:13][cH:14][cH:15]1>O.C1CCCCC=1N1CCCC1>[O:7]=[C:1]1[CH2:6][CH2:5][CH2:4][CH2:3][CH:2]1[CH2:9][C:8](=[O:7])[c:10]1[cH:15][cH:14][cH:13][cH:12][cH:11]1,template rdkit validation failed
1,US03931407A;nan;1976;pistachio;915,C[c:1]1[cH:2][cH:3][cH:4][cH:5][cH:6]1.[O:7]=[C:8]([CH2:9]Br)[c:10]1[cH:11][cH:12][c:13]([cH:14][cH:15]1)[Br:16]>O.C1CCCCC=1N1CCCC1>[O:7]=[C:1]1[CH2:6][CH2:5][CH2:4][CH2:3][CH:2]1[CH2:9][C:8](=[O:7])[c:10]1[cH:15][cH:14][c:13]([cH:12][cH:11]1)[Br:16],template rdkit validation failed
2,US03931407A;nan;1976;pistachio;917,[O:1]=[C:2]([CH2:3]Br)[c:4]1[cH:5][cH:6][cH:7][c:8]([cH:9]1)[C:10]([F:11])([F:12])[F:13].[CH:14]1[CH2:15][CH2:16][CH2:17][CH2:18][C:19]=1N1CCCC1>O.Cc1ccccc1>[O:1]=[C:18]1[CH2:17][CH2:16][CH2:15][CH2:14][CH:19]1[CH2:3][C:2](=[O:1])[c:4]1[cH:5][cH:6][cH:7][c:8]([cH:9]1)[C:10]([F:11])([F:12])[F:13],template rdkit validation failed
3,US03931407A;nan;1976;pistachio;919,[CH3:1][O:2][c:3]1[cH:4][cH:5][c:6]([cH:7][cH:8]1)[C:9](=[O:10])[CH2:11]Br.[CH:12]1[CH2:13][CH2:14][CH2:15][CH2:16][C:17]=1N1CCCC1>>[CH3:1][O:2][c:3]1[cH:4][cH:5][c:6]([cH:7][cH:8]1)[C:9](=[O:10])[CH2:11][CH:12]1[CH2:13][CH2:14][CH2:15][CH2:16][C:17]1=[O:2],template rdkit validation failed
4,US03931407A;nan;1976;pistachio;921,C[c:1]1[cH:2][cH:3][cH:4][cH:5]c1.[O:6]=[C:7]([CH2:8]Br)[c:9]1[cH:10][cH:11][cH:12][cH:13][cH:14]1>O.C1CCCC=1N1CCCC1>[O:6]=[C:1]1[CH2:2][CH2:3][CH2:4][CH:5]1[CH2:8][C:7](=[O:6])[c:9]1[cH:14][cH:13][cH:12][cH:11][cH:10]1,template rdkit validation failed
5,US03931407A;nan;1976;pistachio;925,[O:1]=[C:2]([CH2:3]Br)[c:4]1[cH:5][cH:6][cH:7][cH:8][cH:9]1.[CH:10]1=[C:11]([CH2:12][CH2:13][c:14]2[cH:15][cH:16][cH:17][cH:18][c:19]12)N1CCCC1>O.Cc1ccccc1>[O:1]=[C:11]1[CH2:12][CH2:13][c:14]2[cH:15][cH:16][cH:17][cH:18][c:19]2[CH:10]1[CH2:3][C:2](=[O:1])[c:4]1[cH:9][cH:8][cH:7][cH:6][cH:5]1,template rdkit validation failed
6,US03931407A;nan;1976;pistachio;932,[O:1]=[C:2]([CH2:3]Br)[c:4]1[cH:5][cH:6][c:7]([cH:8][cH:9]1)-[c:10]1[cH:11][cH:12][cH:13][cH:14][cH:15]1.[CH:16]1[CH2:17][CH2:18][CH2:19][CH2:20][C:21]=1N1CCCC1>>[O:1]=[C:21]1[CH2:20][CH2:19][CH2:18][CH2:17][CH:16]1[CH2:3][C:2](=[O:1])[c:4]1[cH:9][cH:8][c:7]([cH:6][cH:5]1)-[c:10]1[cH:15][cH:14][cH:13][cH:12][cH:11]1,template rdkit validation failed
7,US03931407A;nan;1976;pistachio;933,[CH3:1][O:2][c:3]1[cH:4][cH:5][cH:6][c:7]([cH:8]1)[C:9](=[O:10])[CH2:11]Br.[CH:12]1[CH2:13][CH2:14][CH2:15][CH2:16][C:17]=1N1CCCC1>>[CH3:1][O:2][c:3]1[cH:4][cH:5][cH:6][c:7]([cH:8]1)[C:9](=[O:10])[CH2:11][CH:17]1[CH2:12][CH2:13][CH2:14][CH2:15][C:16]1=[O:2],template rdkit validation failed
8,US03931407A;nan;1976;pistachio;935,[O:1]=[C:2]([CH2:3]Br)[c:4]1[cH:5][cH:6][cH:7][cH:8][cH:9]1.[CH:10]1[CH2:11][CH2:12][CH2:13][CH2:14][CH2:15][C:16]=1N1CCCC1>>[O:1]=[C:15]1[CH2:14][CH2:13][CH2:12][CH2:11][CH2:10][CH:16]1[CH2:3][C:2](=[O:1])[c:4]1[cH:9][cH:8][cH:7][cH:6][cH:5]1,template rdkit validation failed
9,US03931407A;nan;1976;pistachio;936,[O:1]=[C:2]([CH2:3]Br)[c:4]1[cH:5][cH:6][c:7]([cH:8][cH:9]1)[Cl:10].[CH:11]1[CH2:12][CH2:13][CH2:14][CH2:15][C:16]=1N1CCCC1>>[O:1]=[C:16]1[CH2:15][CH2:14][CH2:13][CH2:12][CH:11]1[CH2:3][C:2](=[O:1])[c:4]1[cH:9][cH:8][c:7]([cH:6][cH:5]1)[Cl:10],template rdkit validation failed
10,US03931407A;nan;1976;pistachio;937,[CH3:1][O:2][c:3]1[cH:4][cH:5][cH:6][cH:7][c:8]1[C:9](=[O:10])[CH2:11]Br.[CH:12]1[CH2:13][CH2:14][CH2:15][CH2:16][C:17]=1N1CCCC1>>[CH3:1][O:2][c:3]1[cH:4][cH:5][cH:6][cH:7][c:8]1[C:9](=[O:10])[CH2:11][CH:17]1[CH2:12][CH2:13][CH2:14][CH2:15][C:16]1=[O:2],template rdkit validation failed
11,US03931407A;nan;1976;pistachio;939,[O:1]=[C:2]([CH2:3]Br)[c:4]1[cH:5][cH:6][c:7]([cH:8][cH:9]1)[F:10].[CH:11]1[CH2:12][CH2:13][CH2:14][CH2:15][C:16]=1N1CCCC1>>[O:1]=[C:16]1[CH2:15][CH2:14][CH2:13][CH2:12][CH:11]1[CH2:3][C:2](=[O:1])[c:4]1[cH:9][cH:8][c:7]([cH:6][cH:5]1)[F:10],template rdkit validation failed
12,US03931407A;nan;1976;pistachio;944,[CH3:1][C:2]([CH3:3])([CH3:4])[C:5](=[O:6])[CH2:7]Br.[CH:8]1=[C:9]([CH2:10][CH2:11][c:12]2[cH:13][cH:14][cH:15][cH:16][c:17]12)N1CCCC1>>[CH3:3][C:2]([CH3:4])([CH3:1])[C:5](=[O:6])[CH2:7][CH:8]1[C:9]([CH2:10][CH2:11][c:12]2[cH:13][cH:14][cH:15][cH:16][c:17]21)=[O:6],template rdkit validation failed
13,US03931407A;nan;1976;pistachio;947,[O:1]=[C:2]([CH2:3]Br)[c:4]1[cH:5][cH:6][c:7]([cH:8][cH:9]1)[OH:10].[CH:11]1[CH2:12][CH2:13][CH2:14][CH2:15][C:16]=1N1CCCC1>>[O:10]=[C:16]1[CH2:15][CH2:14][CH2:13][CH2:12][CH:11]1[CH2:3][C:2](=[O:1])[c:4]1[cH:9][cH:8][c:7]([cH:6][cH:5]1)[OH:10],template rdkit validation failed
14,US03931407A;nan;1976;pistachio;955,[O:1]=[C:2]([CH2:3]Br)[c:4]1[cH:5][cH:6][c:7]([c:8]([cH:9]1)[Cl:10])[Cl:11].[CH:12]1[CH2:13][CH2:14][CH2:15][CH2:16][C:17]=1N1CCCC1>CCO>[O:1]=[C:16]1[CH2:15][CH2:14][CH2:13][CH2:12][CH:17]1[CH2:3][C:2](=[O:1])[c:4]1[cH:5][cH:6][c:7]([c:8]([cH:9]1)[Cl:10])[Cl:11],template rdkit validation failed
15,US03931407A;nan;1976;pistachio;957,[O:1]=[C:2]([CH2:3]Br)[c:4]1[cH:5][cH:6][c:7]([cH:8][cH:9]1)[Br:10].[CH:11]1[CH2:12][CH2:13][CH2:14][C:15]=1N1CCCC1>CCO>[O:1]=[C:14]1[CH2:13][CH2:12][CH2:11][CH:15]1[CH2:3][C:2](=[O:1])[c:4]1[cH:9][cH:8][c:7]([cH:6][cH:5]1)[Br:10],template rdkit validation failed
16,US03931407A;nan;1976;pistachio;959,[O-:1][N+:2](=[O:3])[c:4]1[cH:5][cH:6][c:7]([cH:8][cH:9]1)[C:10](=[O:11])[CH2:12]Br.[CH:13]1[CH2:14][CH2:15][CH2:16][CH2:17][C:18]=1N1CCCC1>CCO>[O-:1][N+:2](=[O:3])[c:4]1[cH:9][cH:8][c:7]([cH:6][cH:5]1)[C:10](=[O:11])[CH2:12][CH:13]1[CH2:14][CH2:15][CH2:16][CH2:17][C:18]1=[O:11],template rdkit validation failed
17,US03931407A;nan;1976;pistachio;961,[CH3:1][O:2][c:3]1[cH:4][cH:5][c:6]2[CH:7]=[C:8]([CH2:9][CH2:10][c:11]2[cH:12]1)N1CCCC1.[O:13]=[C:14]([CH2:15]Br)[c:16]1[cH:17][cH:18][cH:19][cH:20][cH:21]1>>[CH3:1][O:2][c:3]1[cH:4][cH:5][c:6]2[c:11]([cH:12]1)[CH2:10][CH2:9][C:8]([CH:7]2[CH2:15][C:14](=[O:13])[c:16]1[cH:21][cH:20][cH:19][cH:18][cH:17]1)=[O:13],template rdkit validation failed
18,US03931407A;nan;1976;pistachio;963,[O:1]=[C:2]([CH2:3]Br)[c:4]1[cH:5][cH:6][cH:7][cH:8][cH:9]1.[Cl:10][c:11]1[cH:12][cH:13][c:14]2[CH:15]=[C:16]([CH2:17][CH2:18][c:19]2[cH:20]1)N1CCCC1>>[O:1]=[C:16]1[CH2:17][CH2:18][c:19]2[cH:20][c:11]([cH:12][cH:13][c:14]2[CH:15]1[CH2:3][C:2](=[O:1])[c:4]1[cH:9][cH:8][cH:7][cH:6][cH:5]1)[Cl:10],template rdkit validation failed
19,US03931407A;nan;1976;pistachio;965,[O:1]=[C:2]([CH2:3]Br)[c:4]1[cH:5][cH:6][cH:7][cH:8][cH:9]1.[CH:10]1=[C:11]([CH2:12][c:13]2[cH:14][cH:15][cH:16][cH:17][c:18]12)N1CCCC1>>[O:1]=[C:11]1[CH2:12][c:13]2[cH:14][cH:15][cH:16][cH:17][c:18]2[CH:10]1[CH2:3][C:2](=[O:1])[c:4]1[cH:9][cH:8][cH:7][cH:6][cH:5]1,template rdkit validation failed
20,US03932240A;nan;1976;pistachio;976,[CH3:1][O:2][C:3](=[O:4])[CH2:5][CH2:6][C:7]([CH3:8])=O.[cH:9]1[cH:10][cH:11][cH-:12][cH:13]1.[cH:14]1[cH:15][cH:16][cH-:17][cH:18]1.[Fe+2:19]>C1CCCCC1.CO>[CH3:1][O:2][C:3](=[O:4])[CH2:5][CH2:6][C:7]([CH3:8])([c-:12]1[cH:11][cH:10][cH:9][cH:13]1)[c-:17]1[cH:16][cH:15][cH:14][cH:18]1.[cH:9]1[cH:10][cH:11][cH-:12][cH:13]1.[cH:9]1[cH:10][cH:11][cH-:12][cH:13]1.[Fe+2:19].[Fe+2:19],products > 1
21,US03932369A;nan;1976;pistachio;984,[CH:1]1=[CH:2][CH:3]2[CH2:4][CH2:5][CH:6]1[CH2:7]2.[O:8]=[S:9]=[O:10]>CCCCCCC>[CH:1]1=[CH:2][CH:3]2[CH2:4][CH2:5][CH:6]1[CH2:7]2.[O:8]=[S:9]=[O:10],products > 1
22,US03932318A;nan;1976;pistachio;985,[O:1]=[C:2]=[N:3][c:4]1[cH:5][cH:6][cH:7][cH:8][cH:9]1.[O:10]=[CH:11][C:12]([Cl:13])([Cl:14])[Cl:15]>Cc1ccccc1.CC(C)(C)O[Li]>[O:1]=[C:2]=[N:3][c:4]1[cH:5][cH:6][cH:7][cH:8][cH:9]1.[O:10]=[CH:11][C:12]([Cl:13])([Cl:14])[Cl:15],products > 1
23,US03932318A;nan;1976;pistachio;986,[O:1]=[CH:2][C:3]([Cl:4])([Cl:5])[Cl:6].[CH3:7][C:8]([CH3:9])=[C:10]=[O:11]>CC(C)(C)O[Li].C1CCCCC1>[O:1]=[CH:2][C:3]([Cl:4])([Cl:5])[Cl:6].[CH3:7][C:8]([CH3:9])=[C:10]=[O:11],products > 1
24,US03932318A;nan;1976;pistachio;987,[O:1]=[C:2]=[N:3][c:4]1[cH:5][cH:6][cH:7][cH:8][cH:9]1.[O:10]=[CH:11][C:12]([Cl:13])([Cl:14])[Cl:15]>C1CCCCC1.CC(C)(C)[O-].O.[Li+]>[O:1]=[C:2]=[N:3][c:4]1[cH:5][cH:6][cH:7][cH:8][cH:9]1.[O:10]=[CH:11][C:12]([Cl:13])([Cl:14])[Cl:15],products > 1
25,US03932318A;nan;1976;pistachio;988,[CH3:1][CH2:2][CH2:3][CH2:4][CH2:5][CH2:6][CH2:7][CH2:8][CH2:9][CH2:10][CH2:11][CH2:12][N:13]=[C:14]=[O:15].[O:16]=[C:17]=[N:18][c:19]1[cH:20][cH:21][c:22]([cH:23][cH:24]1)[Cl:25].[O:26]=[CH:27][C:28]([Cl:29])([Cl:30])[Cl:31]>c1ccc(cc1)P(c1ccccc1)c1ccccc1.c1ccccc1>[CH3:1][CH2:2][CH2:3][CH2:4][CH2:5][CH2:6][CH2:7][CH2:8][CH2:9][CH2:10][CH2:11][CH2:12][N:13]=[C:14]=[O:15].[O:16]=[C:17]=[N:18][c:19]1[cH:20][cH:21][c:22]([cH:23][cH:24]1)[Cl:25].[O:26]=[CH:27][C:28]([Cl:29])([Cl:30])[Cl:31],products > 1
26,US03932318A;nan;1976;pistachio;989,[O:1]=[C:2]=[N:3][c:4]1[cH:5][cH:6][c:7]([cH:8][cH:9]1)[Cl:10].[CH3:11][CH2:12][CH2:13][CH2:14][CH2:15][CH2:16][N:17]=[C:18]=[O:19].[O:20]=[CH:21][C:22]([Cl:23])([Cl:24])[Cl:25]>c1ccc(cc1)P(c1ccccc1)c1ccccc1.c1ccccc1>[O:1]=[C:2]=[N:3][c:4]1[cH:5][cH:6][c:7]([cH:8][cH:9]1)[Cl:10].[CH3:11][CH2:12][CH2:13][CH2:14][CH2:15][CH2:16][N:17]=[C:18]=[O:19].[O:20]=[CH:21][C:22]([Cl:23])([Cl:24])[Cl:25],products > 1
27,US03932318A;nan;1976;pistachio;990,[CH3:1][CH:2]([CH3:3])[P+:4](OC=C(Cl)Cl)([CH:5]([CH3:6])[CH3:7])[CH:8](C)C.[O:9]=[CH:10][C:11]([Cl:12])([Cl:13])[Cl:14].[Cl-]>CCOCC>[CH3:8][CH:10]([CH3:11])[P:4]([CH:2]([CH3:1])[CH3:3])[CH:5]([CH3:6])[CH3:7].[O:9]=[CH:10][C:11]([Cl:12])([Cl:13])[Cl:14],products > 1
28,US03932318A;nan;1976;pistachio;992,[cH:1]1[cH:2][cH:3][c:4]([cH:5][cH:6]1)[P:7]([c:8]1[cH:9][cH:10][cH:11][cH:12][cH:13]1)[c:14]1[cH:15][cH:16][cH:17][cH:18][cH:19]1.[CH3:20][c:21]1[cH:22][cH:23][c:24]([cH:25][cH:26]1)[SH:27].N#C[Cl:28]>c1ccccc1>[CH3:20][c:21]1[cH:22][cH:23][c:24]([cH:25][cH:26]1)[S:27][P+:7]([c:14]1[cH:19][cH:18][cH:17][cH:16][cH:15]1)([c:4]1[cH:3][cH:2][cH:1][cH:6][cH:5]1)[c:8]1[cH:13][cH:12][cH:11][cH:10][cH:9]1.[Cl-:28],products > 1
29,US03932318A;nan;1976;pistachio;993,[O:1]=[C:2]=[N:3][c:4]1[cH:5][cH:6][c:7]([cH:8][cH:9]1)[Cl:10].[O:11]=[CH:12][C:13]([Cl:14])([Cl:15])[Cl:16]>Cc1ccccc1.CN(C)C=O.CC#N.Cl[Li]>[O:1]=[C:2]=[N:3][c:4]1[cH:5][cH:6][c:7]([cH:8][cH:9]1)[Cl:10].[O:11]=[CH:12][C:13]([Cl:14])([Cl:15])[Cl:16],products > 1
30,US03932386A;nan;1976;pistachio;997,[Na+:1].[CH3:2][O-:3].[CH3:4][CH2:5][CH2:6][CH2:7][CH:8]([CH2:9][CH3:10])[C:11](=[O:12])[OH:13].[CH3:14][C:15]1([S:16][C@@H:17]2[CH:18](C([N:19]2[C@H:20]1[C:21](=[O:22])[OH:23])=O)[NH:24][C:25](=[O:26])[C:27]1([CH2:28][CH2:29][CH2:30][CH2:31][CH2:32]1)[NH2:33])[CH3:34]>CCCCCC.CCO.CCNCC>[Na+:1].[Na+:1].[CH3:4][CH2:5][CH2:6][CH2:7][CH:8]([CH2:9][CH3:10])[C:11]([O-:12])=[O:13].[CH3:14][C:15]1([S:16][C@@H:17]2[CH:18]([C:2]([N:19]2[C@H:20]1[C:21]([O-:22])=[O:23])=[O:3])[NH:24][C:25](=[O:26])[C:27]1([CH2:28][CH2:29][CH2:30][CH2:31][CH2:32]1)[NH2:33])[CH3:34],products > 1
31,US03932391A;nan;1976;pistachio;998,[CH3:1][C:2]1([S:3][C@@H:4]2[CH:5]([C:6]([N:7]2[C@H:8]1[C:9](=[O:10])[OH:11])=[O:12])[NH:13][C:14](=[O:15])[C:16]1([CH2:17][CH2:18][CH2:19][CH2:20][CH2:21]1)[N:22]=[C:23]=[O:24])[CH3:25].[NH2:26][c:27]1[cH:28][cH:29][cH:30][cH:31][cH:32]1>Cc1ccccc1.c1ccncc1>[CH3:1][C:2]1([S:3][C@@H:4]2[CH:5]([C:6]([N:7]2[C@H:8]1[C:9](=[O:10])[OH:11])=[O:12])[NH:13][C:14](=[O:15])[C:16]1([CH2:17][CH2:18][CH2:19][CH2:20][CH2:21]1)[NH:22][C:23](=[O:24])[NH:26][c:27]1[cH:32][cH:31][cH:30][cH:29][cH:28]1)[CH3:25].[CH3:1][C:2]1([S:3][C@@H:4]2[CH:5]([C:6]([N:7]2[C@H:8]1[C:9](=[O:10])[OH:11])=[O:12])[NH:13][C:14](=[O:15])[C:16]1([CH2:17][CH2:18][CH2:19][CH2:20][CH2:21]1)[NH:22][C:23](=[O:24])[NH:26][c:27]1[cH:32][cH:31][cH:30][cH:29][cH:28]1)[CH3:25].O,products > 1
0,US03931170A;nan;1976;pistachio;103,[CH3:1][c:2]1[n:3][n:4][c:5]([s:6]1)[SH:7].CC(=O)O[CH2:8][C:9]1[CH2:10][S:11][C@@H:12]2[C@@H:13]([C:14]([N:15]2[C:16]=1[C:17](=[O:18])[OH:19])=[O:20])[NH2:21]>O.Cl.CC(C)=O.O[Na]>[CH3:1][c:2]1[n:3][n:4][c:5]([s:6]1)[S:7][CH2:8][C:9]1[CH2:10][S:11][CH:12]2[CH:13]([C:14]([N:15]2[C:16]=1[C:17](=[O:18])[OH:19])=[O:20])[NH2:21],template generation failure
1,US03931168A;nan;1976;pistachio;111,[OH2:1].[O:2]=[CH:3][c:4]1[cH:5][cH:6][c:7]([cH:8][cH:9]1)Cl.C1CC[NH:10][CH2:11][CH2:12]1>Cl.c1ccncc1>[N:10]#[C:11][c:7]1[cH:8][cH:9][c:4]([cH:5][cH:6]1)[CH:3]=[CH:12][C:11](=[O:2])[OH:1],template rdkit validation failed
2,US03931156A;nan;1976;pistachio;131,[CH3:1][I:2].[NH2:3][c:4]1[cH:5][cH:6][c:7]2[n:8][c:9]3[CH2:10][CH2:11][CH2:12][n:13]3[c:14]2[cH:15]1>CO>[I-:2].[CH3:1][n+:8]1[c:9]2[CH2:10][CH2:11][CH2:12][n:13]2[c:14]2[cH:15][c:4]([cH:5][cH:6][c:7]21)[NH2:3],products > 1
3,US03931179A;nan;1976;pistachio;148,[NH2:1][CH2:2][CH2:3][CH2:4][CH2:5][CH2:6][CH2:7][CH2:8][CH2:9][CH2:10][NH2:11].[Cl:12][c:13]1[n:14][cH:15][n:16][c:17]2[cH:18][c:19]([cH:20][cH:21][c:22]12)[Cl:23]>CC(C)O.O=C(O[Na])O[Na]>[Cl:12][c:19]1[cH:20][cH:21][c:22]2[c:13]([n:14][cH:15][n:16][c:17]2[cH:18]1)[NH:11][CH2:10][CH2:9][CH2:8][CH2:7][CH2:6][CH2:5][CH2:4][CH2:3][CH2:2][NH:1][c:13]1[n:14][cH:15][n:16][c:17]2[cH:18][c:19]([cH:20][cH:21][c:22]12)[Cl:23],template rdkit validation failed
4,US03931176A;nan;1976;pistachio;168,[CH3:1][CH:2]([OH:3])[CH2:4][NH:5][NH2:6].O=[C:7](O)[CH2:8][CH2:9][C:10](=[O:11])[c:12]1[cH:13][cH:14][c:15]([c:16]([cH:17]1)[Cl:18])[Cl:19].O=C(O)C[CH2:20][C:21](=[O:22])[c:23]1[cH:24][cH:25][c:26](cc1)F>CCCCC(O)CNN.CCC(O)CNN>[CH3:26][CH2:25][CH2:24][CH2:23][CH:21]([OH:22])[CH2:20][N:6]1[N:5]=[CH:7][CH2:8][CH2:9][CH:10]1[c:12]1[cH:13][cH:14][c:15]([c:16]([cH:17]1)[Cl:18])[Cl:19].[CH3:1][CH:2]([OH:3])[CH2:4][N:5]1[N:6]=[CH:7][CH2:8][CH2:9][CH:10]1[c:12]1[cH:13][cH:14][c:15]([c:16]([cH:17]1)[Cl:18])[Cl:19].[CH3:15][CH2:16][CH2:17][CH2:12][CH:10]([OH:11])[CH2:9][C:8]1[CH2:1][CH2:2][CH:4]=[N:5][N:6]=1,products > 1
5,US03931176A;nan;1976;pistachio;169,CCC(O)C[NH:1][NH2:2].[CH3:3][c:4]1ccc[cH:5][cH:6]1.[O:7]=[C:8]([OH:9])[C@@H:10]1[CH2:11][CH2:12][C@H:13]1[C:14](=O)[c:15]1[cH:16][cH:17][c:18]([cH:19][cH:20]1)[Cl:21]>O>[CH3:5][CH2:6][CH:4]([OH:9])[CH2:3][N:1]1[N:2]=[C:14]([CH:13]2[CH2:12][CH2:11][CH:10]2[C:8]1=[O:7])[c:15]1[cH:20][cH:19][c:18]([cH:17][cH:16]1)[Cl:21],template generation failure
0,US03931302A;nan;1976;pistachio;807,[CH3:1][c:2]1[c:3]([cH:4][cH:5][cH:6][c:7]1[N+:8]([O-:9])=[O:10])[C:11](=[O:12])Cl.[ClH:13]>c1ccccc1.Cl[Cd]Cl.O.O>[CH3:1][c:2]1[c:3]([cH:4][cH:5][cH:6][c:7]1[N+:8]([O-:9])=[O:10])[C:11](=[O:12])[c:2]1[cH:3][cH:4][c:5]([cH:6][cH:7]1)[Cl:13],template rdkit validation failed
1,US03931289A;nan;1976;pistachio;848,[cH:1]1[cH:2][cH:3][c:4]([cH:5][cH:6]1)[P:7]([c:8]1[cH:9][cH:10][cH:11][cH:12][cH:13]1)[c:14]1[cH:15][cH:16][cH:17][cH:18][cH:19]1.[Br:20][CH2:21][CH2:22][CH2:23][CH2:24][c:25]1[cH:26][cH:27][cH:28][cH:29][cH:30]1>Cc1ccccc1.CCOCC>[cH:1]1[cH:6][cH:5][c:4]([cH:3][cH:2]1)[P+:7]([CH2:21][CH2:22][CH2:23][CH2:24][c:25]1[cH:26][cH:27][cH:28][cH:29][cH:30]1)([c:8]1[cH:9][cH:10][cH:11][cH:12][cH:13]1)[c:14]1[cH:15][cH:16][cH:17][cH:18][cH:19]1.[Br-:20],products > 1
2,US03931279A;nan;1976;pistachio;849,[CH3:1][CH2:2][O+:3]([CH2:4][CH3:5])[B-:6]([F:7])([F:8])[F:9].[CH3:10][OH:11]>>[CH3:1][CH2:2][O+:3]([CH2:4][CH3:5])[B-:6]([F:7])([F:8])[F:9].C[O:11][CH3:10],products > 1
3,US03931412A;nan;1976;pistachio;854,[CH2:1]=[O:2].[CH3:3][C:4](=[O:5])[O:6][C:7](C)=[O:8]>O=S(=O)(O)O>[CH3:4][C:1](=[O:2])[O:8][CH2:7][O:6][C:4]([CH3:3])=[O:5],template rdkit validation failed
4,US03931412A;nan;1976;pistachio;857,[CH3:1][CH2:2][C:3](=[O:4])[O:5][C:6](=[O:7])[CH2:8]C.[CH3:9][CH:10]=[O:11]>O=C(O)O[Na]>[CH3:3][CH2:9][C:10](=[O:11])[O:7][CH:6]([CH3:8])[O:5][C:3](=[O:4])[CH2:2][CH3:1],template rdkit validation failed
5,US03931326A;nan;1976;pistachio;864,[CH3:1][C:2]1[CH2:3][CH2:4][CH2:5][C:6]([C:7]=1[CH:8]=[O:9])([CH3:10])[CH3:11]>[NH4+].O.[Cl-]>[CH3:7][C:2]([CH3:3])=[CH:1][CH:8]([OH:9])[C:7]1=[C:2]([CH2:3][CH2:4][CH2:5][C:6]1([CH3:11])[CH3:10])[CH3:1],template rdkit validation failed
6,US03931326A;nan;1976;pistachio;873,[CH3:1]/[CH:2]=[CH:3][C:4](=[O:5])[C:6]1=[C:7]([CH2:8][CH2:9][CH2:10][C:11]1([CH3:12])[CH3:13])[CH3:14]>Cc1ccc(cc1)S(=O)(=O)O.c1ccccc1.CCOCC>[CH3:1]/[CH:2]=[CH:3]/[C:4](=[O:5])[C:6]1=[C:7]([CH2:8][CH2:9][CH2:10][C:11]1([CH3:12])[CH3:13])[CH3:14],template generation failure
7,US03931326A;nan;1976;pistachio;881,[CH3:1][CH:2]=[CH:3][CH:4]([OH:5])[C:6]1=[C:7]([CH2:8][CH2:9][CH2:10][C:11]1([CH3:12])[CH3:13])[CH3:14].CC(=O)O[OH:15]>O.[Na+].CC([O-])=O.ClCCl>[CH3:1][CH:2]=[CH:3][CH:4]([OH:5])[C@@:6]12[O:15][C@:7]1([CH2:8][CH2:9][CH2:10][C:11]2([CH3:12])[CH3:13])[CH3:14],template generation failure
8,US03931326A;nan;1976;pistachio;883,[CH3:1]/[CH:2]=[CH:3]/[C:4](=[O:5])[C@@:6]12[O:7][C@:8]1([CH2:9][CH2:10][CH2:11][C:12]2([CH3:13])[CH3:14])[CH3:15]>C1COCCO1>[CH3:1]/[CH:2]=[CH:3]/[C:4](=[O:5])[C:6]1([C:8](=[CH:9][CH2:10][CH2:11][C:12]1([CH3:14])[CH3:13])[CH3:15])[OH:7],template generation failure
9,US03931326A;nan;1976;pistachio;884,C[CH:1]1[CH2:2][C:3](=[C:4]([C:5]([CH2:6]1)([CH3:7])[CH3:8])[C:9](=[O:10])[C:11](/[CH3:12])=[CH:13]/[CH3:14])[CH3:15]>C1COCCO1>[CH3:12][C:11]1[C:9]([CH:4]2[C:3]([CH2:2][CH2:1][CH:6]([C:5]2([CH3:7])[CH3:8])[CH3:15])([C:13]=1[CH3:14])[CH3:15])=[O:10],template rdkit validation failed
10,US03931328A;nan;1976;pistachio;888,[CH3:1][O:2][c:3]1[cH:4][cH:5][c:6]2[CH2:7][CH2:8][C:9]([CH:10]([c:11]2[cH:12]1)[CH3:13])=O.Br[CH2:14][CH2:15][CH2:16][CH2:17][CH2:18]Br>c1ccccc1.Cl.[NaH]>[CH3:1][O:2][c:3]1[cH:4][cH:5][c:6]2[CH2:7][CH:17]3[CH2:18][CH2:13][CH2:10][CH2:9][CH2:8][C:15]([C:16]3=[O:2])([c:11]2[cH:12]1)[CH3:14],template rdkit validation failed
11,US03931328A;nan;1976;pistachio;895,[CH3:1][CH:2]([CH3:3])[N:4](CC)C(C)C.Br[CH2:5][CH2:6][c:7]1[cH:8][cH:9][cH:10][cH:11][cH:12]1.[CH3:13][c:14]1[cH:15][cH:16][cH:17]cc1C.[CH3:18][CH2:19][O:20][CH2:21][CH3:22]>>[CH3:19][O:20][c:3]1[cH:2][cH:1][c:11]2[CH2:10][CH:9]3[CH2:22][CH2:21][CH2:3][CH2:2][C:7]([c:12]2[cH:18]1)([CH:8]3[NH2:4])[CH2:6][c:5]1[cH:13][cH:14][cH:15][cH:16][cH:17]1,template rdkit validation failed
0,US03931280A;nan;1976;pistachio;610,[CH3:1][C:2]([CH3:3])=[CH:4][C@@H:5]1[C@@H:6]([C:7]1([CH3:8])[CH3:9])[C:10](=[O:11])[OH:12]>[Na+].CC[O-]>[CH3:1][C:2]([CH3:3])=[CH:4][C@@H:5]1[C@H:6]([C:7]1([CH3:8])[CH3:9])[C:10](=[O:11])[OH:12],template generation failure
1,US03931235A;nan;1976;pistachio;635,[CH3:1][c:2]1[cH:3][c:4]([c:5]([c:6]([o:7]1)=[O:8])[SH:9])[OH:10].Cl[CH2:11][c:12]1[cH:13][cH:14][c:15]([cH:16][cH:17]1)[CH2:18]Cl>Cl.c1ccncc1>[CH3:1][c:2]1[cH:3][c:4]([c:5]([c:6]([o:7]1)=[O:8])[S:9][CH2:18][c:15]1[cH:14][cH:13][c:12]([cH:17][cH:16]1)[CH2:11][S:9][c:5]1[c:6]([o:7][c:2]([cH:3][c:4]1[OH:10])[CH3:1])=[O:8])[OH:10],template rdkit validation failed
2,US03931281A;nan;1976;pistachio;674,CCCCC[C@H](O)/[CH:1]=[CH:2]/[C@H:3]1[CH:4]=[CH:5][C:6]([C@@H:7]1[CH2:8]/[CH:9]=[CH:10][CH2:11][CH2:12]CC(=O)O)=[O:13]>CC(C)COC(=O)Cl.CCN(CC)CC>[OH:13][c:6]1[cH:1][cH:2][c:3]([cH:4][cH:5]1)-[c:7]1[cH:12][cH:11][cH:10][cH:9][cH:8]1,template generation failure
3,US03931269A;nan;1976;pistachio;693,[CH3:1][O:2][c:3]1[cH:4][cH:5][c:6]2[cH:7][c:8]([cH:9][cH:10][c:11]2[cH:12]1)[CH:13]([OH:14])[C:15](=[O:16])[OH:17].O=C(O)O[Na:18]>O.CO>[Na+:18].[CH3:1][O:2][c:3]1[cH:4][cH:5][c:6]2[cH:7][c:8]([cH:9][cH:10][c:11]2[cH:12]1)[CH:13]([OH:14])[C:15]([O-:16])=[O:17],products > 1
4,US03931269A;nan;1976;pistachio;694,[CH3:1][O:2][c:3]1[cH:4][cH:5][c:6]2[cH:7][c:8]([cH:9][cH:10][c:11]2[cH:12]1)[CH:13]([OH:14])[C:15](=[O:16])[OH:17].[CH3:18][CH2:19][NH:20][CH2:21][CH3:22]>CCCCCC>[CH3:18][CH2:19][NH2+:20][CH2:21][CH3:22].[CH3:1][O:2][c:3]1[cH:4][cH:5][c:6]2[cH:7][c:8]([cH:9][cH:10][c:11]2[cH:12]1)[CH:13]([OH:14])[C:15]([O-:16])=[O:17],products > 1
5,US03931269A;nan;1976;pistachio;698,[CH3:1][O:2][c:3]1[cH:4][cH:5][c:6]2[cH:7][c:8]([cH:9][cH:10][c:11]2[cH:12]1)[CH:13]([Cl:14])[C:15](=[O:16])[OH:17].O=C(O)O[Na:18]>O.CO>[Na+:18].[CH3:1][O:2][c:3]1[cH:4][cH:5][c:6]2[cH:7][c:8]([cH:9][cH:10][c:11]2[cH:12]1)[CH:13]([Cl:14])[C:15]([O-:16])=[O:17],products > 1
6,US03931269A;nan;1976;pistachio;699,[CH3:1][CH2:2][NH:3][CH2:4][CH3:5].[CH3:6][O:7][c:8]1[cH:9][cH:10][c:11]2[cH:12][c:13]([cH:14][cH:15][c:16]2[cH:17]1)[CH:18]([Cl:19])[C:20](=[O:21])[OH:22]>CCCCCC>[CH3:6][O:7][c:8]1[cH:9][cH:10][c:11]2[cH:12][c:13]([cH:14][cH:15][c:16]2[cH:17]1)[CH:18]([Cl:19])[C:20]([O-:21])=[O:22].[CH3:1][CH2:2][NH2+:3][CH2:4][CH3:5],products > 1
0,US20020002301A1;nan;2002;pistachio;0,[O:1]=[S:2](=[O:3])([OH:4])[C:5]([F:6])([F:7])[F:8]>C=C=O>[O:3]=[S:2](=[O:4])([O:3][S:2](=[O:4])(=[O:1])[C:5]([F:7])([F:8])[F:6])[C:5]([F:7])([F:8])[F:6],template rdkit validation failed
1,US20020004597A1;nan;2002;pistachio;1,[NH2:1][c:2]1[n:3][c:4]([n:5][c:6]([n:7]1)[NH2:8])[NH2:9].N[C:10]([NH2:11])=[O:12]>>[NH2:1][c:2]1[n:3][c:4]([n:5][c:6]([n:7]1)[NH2:8])[NH2:9].[O:12]=[C:10]=[O:12].[NH3:11],products > 1
2,US20020040165A1;nan;2002;pistachio;3,CC(C)([OH:1])c1ccccc1.CC(C)[c:2]1[cH:3][cH:4][cH:5][cH:6][cH:7]1.[CH3:8][CH:9]([CH3:10])[c:11]1[cH:12][cH:13][cH:14][cH:15][cH:16]1.[O-]O>CC(C)=O>[CH2:8]=[C:9]([CH3:10])[c:11]1[cH:12][cH:13][cH:14][cH:15][cH:16]1.[OH:1][c:2]1[cH:7][cH:6][cH:5][cH:4][cH:3]1,products > 1
3,US20030027948A1;nan;2003;pistachio;7,[CH2:1]=[CH:2][CH2:3][Br:4].[CH2:5]=[CH:6][CH2:7][N:8]([CH2:9][CH3:10])[CH2:11][CH3:12]>CCNCC>[Br-:4].[CH2:5]=[CH:6][CH2:7][N+:8]([CH2:9][CH3:10])([CH2:11][CH3:12])[CH2:3][CH:2]=[CH2:1],products > 1
4,US20030087396A1;nan;2003;pistachio;11,[CH3:1][CH2:2][CH2:3][CH2:4][CH2:5][CH2:6][CH2:7][CH2:8][CH2:9][CH2:10][CH2:11][CH2:12][CH2:13]/[CH:14]=[CH:15]/[CH:16]([OH:17])[CH:18]([CH2:19][O:20][C@@H:21]1[O:22][C@@H:23]([C@@H:24]([C@@H:25]([C@H:26]1[OH:27])[OH:28])[O:29][CH:30]1[O:31][C@@H:32]([C@@H:33]([C@@H:34]([C@H:35]1[OH:36])[OH:37])[OH:38])[CH2:39][OH:40])[CH2:41][OH:42])[NH:43][C:44](=[O:45])[CH2:46][CH2:47][CH2:48][CH2:49][CH2:50][CH2:51][CH2:52][CH2:53][CH2:54][CH2:55][CH2:56][CH2:57][CH2:58][CH2:59][CH2:60][CH2:61][CH3:62].[O:63]=[CH:64][C@H:65](O)[C@@H:66]([OH:67])[C@@H:68]([OH:69])[C@H:70]([OH:71])[CH2:72][OH:73]>>[CH3:57][CH2:58][CH2:59][CH2:60][CH2:61][CH2:62][CH2:62][CH2:61]/[CH:60]=[CH:59][CH2:58][CH2:57][CH2:56][CH2:55][CH2:54][CH2:53][CH2:52][CH2:51][CH2:50][CH2:49][CH2:48][CH2:47][CH2:46][C:44](=[O:45])[NH:43][C@@H:18]([CH2:19][O:20][C@@H:21]1[O:22][C@@H:23]([C@H:24]([C@@H:25]([C@H:26]1[OH:27])[OH:28])[O:29][C@@H:30]1[O:31][C@@H:32]([C@@H:33]([C@@H:34]([C@H:35]1[OH:36])[O:37][C@@:26]1([CH2:25][C@@H:64]([C@H:65]([C@@H:66]([O:67]1)[C@H:68]([OH:69])[C@H:70]([OH:71])[CH2:72][OH:73])[NH:43][C:44]([CH3:46])=[O:45])[OH:63])[C:21](=[O:20])[OH:22])[OH:38])[CH2:39][OH:40])[CH2:41][OH:42])[C@H:16]([OH:17])/[CH:15]=[CH:14]/[CH2:13][CH2:12][CH2:11][CH2:10][CH2:9][CH2:8][CH2:7][CH2:6][CH2:5][CH2:4][CH2:3][CH2:2][CH3:1],template generation failure
5,US20030088129A1;nan;2003;pistachio;12,CC(C)([OH:1])c1ccccc1.CC(C)[c:2]1[cH:3][cH:4][cH:5][cH:6][cH:7]1.[CH3:8][CH:9]([CH3:10])[c:11]1[cH:12][cH:13][cH:14][cH:15][cH:16]1.[O-]O>CC(C)=O>[CH2:8]=[C:9]([CH3:10])[c:11]1[cH:12][cH:13][cH:14][cH:15][cH:16]1.[OH:1][c:2]1[cH:7][cH:6][cH:5][cH:4][cH:3]1,products > 1
6,US20030109721A1;nan;2003;pistachio;14,[CH3:1][C@@:2]12[CH2:3][CH2:4][C@H:5]3[C@@H:6]([CH2:7][CH2:8][C@H:9]4[CH2:10][C:11]([CH2:12][CH2:13][C@:14]34[CH3:15])=[O:16])[C@@H:17]2[CH2:18][CH2:19][C@:20]1([CH3:21])[OH:22]>C[C@@]1(CC[C@H]2[C@@H]3CC[C@H]4CC(OC[C@@]4([C@H]3CC[C@@]21C)C)=O)O>[CH3:21][C@@:20]1([CH2:19][CH2:18][C@H:17]2[C@@H:6]3[CH2:7][CH2:8][C@H:9]4[CH2:10][C:11]([CH:12]=[CH:13][C@@:14]4([C@H:5]3[CH2:4][CH2:3][C@@:2]21[CH3:1])[CH3:15])=[O:16])[OH:22],template generation failure
7,US20030198886A1;nan;2003;pistachio;17,[CH3:1][CH2:2][CH2:3][CH2:4][CH2:5][CH2:6][CH2:7][CH2:8][CH2:9][CH2:10][CH2:11][CH2:12][CH2:13][CH2:14][CH2:15][CH2:16][CH2:17][C:18]([O-:19])=[O:20].[Zn:21]>>[CH3:1][CH2:2][CH2:3][CH2:4][CH2:5][CH2:6][CH2:7][CH2:8][CH2:9][CH2:10][CH2:11][CH2:12][CH2:13][CH2:14][CH2:15][CH2:16][CH2:17][C:18]([O-:20])=[O:19].[CH3:1][CH2:2][CH2:3][CH2:4][CH2:5][CH2:6][CH2:7][CH2:8][CH2:9][CH2:10][CH2:11][CH2:12][CH2:13][CH2:14][CH2:15][CH2:16][CH2:17][C:18]([O-:20])=[O:19].[Zn+2:21],products > 1
8,US20030219879A1;nan;2003;pistachio;18,[CH3:1][CH2:2][C@H:3]([CH3:4])[C@@H:5]([NH2:6])[C:7](=[O:8])[OH:9].O=C1NCC(N1)=O>CC[C@H](C)[C@@H](NC(N)=O)C(=O)O.O=C1NCC(N1)=O>[CH3:1][CH2:2][C@H:3]([CH3:4])[C@@H:5]([NH2:6])[C:7](=[O:8])[OH:9],reactants = products
9,US20040052705A1;nan;2004;pistachio;22,[O-:1][I:2](=[O:3])=[O:4].[Th:5]>[O-][N+](=O)O.[229Th]>[O-:3][I:2](=[O:4])=[O:1].[O-:3][I:2](=[O:4])=[O:1].[O-:3][I:2](=[O:4])=[O:1].[O-:3][I:2](=[O:4])=[O:1].[Th+4:5],products > 1
10,US20040106809A1;nan;2004;pistachio;25,[CH3:1][CH2:2][O:3][C@H:4]1[O:5][C@@H:6]2[O:7][C@:8]3([CH2:9][CH2:10][C@H:11]4[C@@H:12]([CH2:13][CH2:14][C@@H:15]([C@H:16]1[CH3:17])[C@@:18]24[O:19][O:20]3)[CH3:21])[CH3:22]>[Na+].CCO.C[C@@H]1CC[C@H]2[C@H]([C@H](O[C@@H]3OC4(CC[C@@H]1[C@]32OO4)C)O)C.C[C@@H]1CC[C@H]2[C@H](C(O[C@@H]3O[C@@]4(CC[C@@H]1[C@]32OO4)C)=O)C.[BH4-]>[CH3:1][CH2:2][O:3][C@H:4]1[O:5][C@@H:6]2[O:7][C:8]3([CH2:9][CH2:10][C@H:11]4[C@@H:12]([CH2:13][CH2:14][C@@H:15]([C@H:16]1[CH3:17])[C@@:18]24[O:19][O:20]3)[CH3:21])[CH3:22],template generation failure
11,US20040176412A1;nan;2004;pistachio;27,[ClH:1].[CH3:2][OH:3].[O:4]=[C:5]1[CH:6]([CH:7]2[CH2:8][CH2:9][CH2:10][CH2:11][N:12]12)[c:13]1[cH:14][cH:15][cH:16][cH:17][cH:18]1>>[ClH:1].[CH3:2][O:3][C:5](=[O:4])[CH:6]([c:13]1[cH:18][cH:17][cH:16][cH:15][cH:14]1)[CH:7]1[CH2:8][CH2:9][CH2:10][CH2:11][NH:12]1,products > 1
12,US20040176606A1;nan;2004;pistachio;28,COC(=O)C1=C(NC(=C(C1c1ccccc1Cl)C(=O)OCC)COCCN)C.[O:1]=[S:2](=[O:3])([OH:4])[c:5]1[cH:6][cH:7][cH:8][cH:9][cH:10]1>CCO>[O:1]=[S:2](=[O:3])([OH:4])[c:5]1[cH:6][cH:7][cH:8][cH:9][cH:10]1,reactants = products
13,US20040210049A1;nan;2004;pistachio;29,[CH2:1]=[CH:2][C:3]1[CH2:4][S:5][C@@H:6]2[C@@H:7]([C:8]([N:9]2[C:10]=1[C:11](=[O:12])[OH:13])=[O:14])[NH:15][C:16](=[O:17])/[C:18](=[N:19][OH:20])[c:21]1[cH:22][s:23][c:24]([n:25]1)[NH2:26].[O:27]=[CH:28][OH:29].O=S(=O)(O)O>>[CH2:1]=[CH:2][C:3]1[CH2:4][S:5][C@@H:6]2[C@@H:7]([C:8]([N:9]2[C:10]=1[C:11](=[O:12])[OH:13])=[O:14])[NH:15][C:16](=[O:17])/[C:18](=[N:19][OH:20])[c:21]1[cH:22][s:23][c:24]([n:25]1)[NH2:26].CS(=O)(=O)O.[O:27]=[CH:28][OH:29],products > 1
14,US20040254395A1;nan;2004;pistachio;32,[CH3:1][CH:2]([CH3:3])[CH:4]1[CH2:5][CH2:6][CH:7]([CH2:8][CH:9]1[O:10][C:11](=[O:12])/[CH:13]=CC([O-])=O)[CH3:14]>[O-][O+]=O.[Na].[K]>O.[CH3:1][CH:2]([CH3:3])[CH:4]1[CH2:5][CH2:6][CH:7]([CH2:8][CH:9]1[O:10][C:11](=[O:12])[CH:13]=O)[CH3:14],products > 1
15,US03930837A;nan;1976;pistachio;44,[ClH:1].[CH3:2][c:3]1[cH:4][c:5]2[c:6]([cH:7][cH:8][cH:9][c:10]2[N+:11]([O-:12])=[O:13])[cH:14][n:15]1>>[ClH:1].[CH3:2][c:3]1[cH:4][c:5]2[c:6]([cH:7][cH:8][cH:9][c:10]2[N+:11]([O-:12])=[O:13])[cH:14][n:15]1,products > 1
16,US03930837A;nan;1976;pistachio;45,[Cl:1][c:2]1[n:3][cH:4][cH:5][c:6]2[cH:7][cH:8][cH:9][cH:10][c:11]12>Cc1cc2c(cccc2[N+]([O-])=O)cn1>Cl.[Cl:1][c:2]1[n:3][cH:4][cH:5][c:6]2[cH:7][cH:8][cH:9][cH:10][c:11]12,products > 1
17,US03930837A;nan;1976;pistachio;46,[IH:1].[O-:2][N+:3](=[O:4])[c:5]1[cH:6][cH:7][c:8]([c:9]2[cH:10][cH:11][n:12][cH:13][c:14]21)[Cl:15]>Cl.Cc1cc2c(cn1)cccc2[N+]([O-])=O.Cc1cc2c(cn1)cccc2[N+]([O-])=O>[IH:1].[O-:2][N+:3](=[O:4])[c:5]1[cH:6][cH:7][c:8]([c:9]2[cH:10][cH:11][n:12][cH:13][c:14]21)[Cl:15],products > 1
18,US03930837A;nan;1976;pistachio;47,[BrH:1].[O-:2][N+:3](=[O:4])[c:5]1[cH:6][cH:7][cH:8][c:9]2[cH:10][n:11][cH:12][cH:13][c:14]21>CCO>[BrH:1].[O-:2][N+:3](=[O:4])[c:5]1[cH:6][cH:7][cH:8][c:9]2[cH:10][n:11][cH:12][cH:13][c:14]21,products > 1
19,US03930837A;nan;1976;pistachio;48,[CH3:1][c:2]1[n:3][cH:4][cH:5][c:6]2[cH:7][cH:8][cH:9][cH:10][c:11]12.[OH:12][c:13]1[c:14]([c:15]([c:16]([c:17]([c:18]1[Cl:19])[Cl:20])[Cl:21])[Cl:22])[Cl:23]>Br.[O-][N+](=O)c1cccc2cnccc21>[CH3:1][c:2]1[c:11]2[cH:10][cH:9][cH:8][cH:7][c:6]2[cH:5][cH:4][nH+:3]1.[O-:12][c:13]1[c:14]([c:15]([c:16]([c:17]([c:18]1[Cl:19])[Cl:20])[Cl:21])[Cl:22])[Cl:23],products > 1
20,US03930837A;nan;1976;pistachio;49,[IH:1].[NH2:2][c:3]1[cH:4][cH:5][cH:6][c:7]2[cH:8][n:9][cH:10][cH:11][c:12]12>Br.[O-][N+](=O)c1cccc2cnccc21>[IH:1].[IH:1].[NH2:2][c:3]1[cH:4][cH:5][cH:6][c:7]2[cH:8][n:9][cH:10][cH:11][c:12]12,products > 1
21,US03930952A;nan;1976;pistachio;51,[CH3:1][CH2:2][CH2:3][CH2:4][CH2:5][C@H:6]([OH:7])[CH:8]=[CH:9][CH:10]1[CH:11]=[CH:12][C:13]([CH:14]1[CH2:15][CH:16]=[CH:17][CH2:18][CH2:19][CH2:20][C:21](=[O:22])[OH:23])=O>Cl.CCO>[CH3:1][CH2:2][CH2:3][CH2:4][CH2:5][C@@H:6]([OH:7])[CH:8]=[CH:9][CH:10]1[C:11]([CH2:12][CH2:13][CH:14]1[CH2:15][CH2:16][CH2:17][CH:18]=[CH:19][CH2:20][C:21](=[O:22])[OH:23])=[O:7],template generation failure
22,US03930948A;nan;1976;pistachio;52,[NH2:1][C@@H:2]([CH2:3][c:4]1[cH:5][nH:6][c:7]2[cH:8][cH:9][cH:10][cH:11][c:12]21)C(=O)O>O.Cc1ncc(c(c1O)C=O)COP(=O)(O)O.[O-]P(=O)(O)O.[K+]>Cl.[NH2:1][CH2:2][CH2:3][c:4]1[cH:5][nH:6][c:7]2[cH:8][cH:9][cH:10][cH:11][c:12]21,products > 1
23,US03931058A;nan;1976;pistachio;54,[O:1]=[C:2]([NH:3][c:4]1[cH:5][cH:6][cH:7][cH:8][cH:9]1)[CH:10]1[CH2:11][CH2:12][CH2:13][CH2:14][CH:15]1[C:16](=[O:17])[NH:18][c:19]1[cH:20][cH:21][cH:22][cH:23][cH:24]1.Cl[CH2:25][CH:26]1[CH2:27][O:28]1>C[N+](C)(C)C.O[Na].ClCl.[Cl-]>[O:1]=[C:2]([CH:10]1[CH2:11][CH2:12][CH2:13][CH2:14][CH:15]1[C:16](=[O:17])[N:18]([CH2:25][CH:26]1[CH2:27][O:28]1)[c:19]1[cH:24][cH:23][cH:22][cH:21][cH:20]1)[N:3]([CH2:25][CH:26]1[CH2:27][O:28]1)[c:4]1[cH:5][cH:6][cH:7][cH:8][cH:9]1,template rdkit validation failed
24,US03931058A;nan;1976;pistachio;55,[O:1]=[C:2](/[CH:3]=[CH:4][C:5](=[O:6])[NH:7][c:8]1[cH:9][cH:10][cH:11][cH:12][cH:13]1)[NH:14][c:15]1[cH:16][cH:17][cH:18][cH:19][cH:20]1.Cl[CH2:21][CH:22]1[CH2:23][O:24]1>C[N+](C)(C)C.O[Na].[Cl-]>[O:1]=[C:2](/[CH:3]=[CH:4][C:5](=[O:6])[N:7]([CH2:21][CH:22]1[CH2:23][O:24]1)[c:8]1[cH:13][cH:12][cH:11][cH:10][cH:9]1)[N:14]([CH2:21][CH:22]1[CH2:23][O:24]1)[c:15]1[cH:20][cH:19][cH:18][cH:17][cH:16]1,template rdkit validation failed
25,US03931083A;nan;1976;pistachio;56,[CH2:1]=[O:2].[O:3]=[S:4]([O:5][Na:6])[O:7][Na].O[c:8]1[cH:9][cH:10][cH:11][cH:12][cH:13]1>O>[Na+:6].[O-:7][S:4](=[O:5])(=[O:3])[CH:1]([OH:2])[c:8]1[cH:9][cH:10][cH:11][cH:12][cH:13]1,products > 1
26,US03931113A;nan;1976;pistachio;58,[CH3:1][c:2]1[cH:3][cH:4][c:5]([cH:6][c:7]1N=C=O)[N:8]=[C:9]=[O:10].[CH3:11][CH2:12]O[C:13]([NH2:14])=[O:15]>>[O:10]=[C:9]=[N:8][CH:5]1[CH2:6][CH2:7][CH:2]([CH2:3][CH2:4]1)[CH2:1][CH:1]1[CH2:2][CH2:7][CH:6]([CH2:12][CH2:11]1)[N:14]=[C:13]=[O:15],template rdkit validation failed
27,US03931140A;nan;1976;pistachio;59,[CH3:1][C@H:2](N)[C:3](=[O:4])[OH:5].[O:6]=[C:7](O)[C:8](F)(F)F.O[C@@H:9]([CH2:10]S)[C@H:11](O)[CH2:12]S.ClCCl>>[O:6]=[C:7]1[c:8]2[cH:10][cH:9][cH:11][cH:12][c:1]2[C:2]([C:3]1([OH:5])[OH:4])=[O:5],template generation failure
28,US03931150A;nan;1976;pistachio;61,[CH3:1][CH2:2][CH2:3][N:4]([CH2:5][CH2:6][CH3:7])[S:8](=[O:9])(=[O:10])[c:11]1[cH:12][cH:13][c:14]([cH:15][cH:16]1)[C:17](=[O:18])[O:19][CH2:20][O:21][C:22](=[O:23])[C@@H:24]1[N:25]2[C:26]([CH:27]([C@H:28]2[S:29][C:30]1([CH3:31])[CH3:32])[NH:33][C:34](=[O:35])[C@H:36]([N:37]=[N+]=[N-])[c:38]1[cH:39][cH:40][cH:41][cH:42][cH:43]1)=[O:44]>CCOC(C)=O.[O-2].[Pt+2]>Cl.[CH3:1][CH2:2][CH2:3][N:4]([CH2:5][CH2:6][CH3:7])[S:8](=[O:9])(=[O:10])[c:11]1[cH:12][cH:13][c:14]([cH:15][cH:16]1)[C:17](=[O:18])[O:19][CH2:20][O:21][C:22](=[O:23])[C@@H:24]1[N:25]2[C:26]([CH:27]([C@H:28]2[S:29][C:30]1([CH3:31])[CH3:32])[NH:33][C:34](=[O:35])[C@H:36]([NH2:37])[c:38]1[cH:39][cH:40][cH:41][cH:42][cH:43]1)=[O:44],products > 1
29,US03931157A;nan;1976;pistachio;62,O.[ClH:1].[NH2:2][NH2:3].S[C:4]1=[N:5][CH2:6][CH2:7][CH2:8][NH:9]1>CI.CCO.CC(C)=O.CC(C)O.Cl[Ag]>[ClH:1].[NH2:3][NH:2][C:4]1=[N:5][CH2:6][CH2:7][CH2:8][NH:9]1,products > 1
30,US03931157A;nan;1976;pistachio;63,O.I.CS[C:1]1=[N:2][CH2:3][CH2:4][CH2:5][CH2:6][NH:7]1.[NH2:8][NH2:9]>O.CCOCC.Cl[Ag]>Cl.[NH2:9][NH:8][C:1]1=[N:2][CH2:3][CH2:4][CH2:5][CH2:6][NH:7]1,products > 1
31,US03931152A;nan;1976;pistachio;64,O.[IH:1].CS[C:2]1=[N:3][CH2:4][CH2:5][CH2:6][NH:7]1.[NH2:8][NH2:9]>CCO.CCOCC>[IH:1].[NH2:9][NH:8][C:2]1=[N:3][CH2:4][CH2:5][CH2:6][NH:7]1,products > 1
32,US03931152A;nan;1976;pistachio;65,O.[IH:1].CS[C:2]1=[N:3][CH2:4][CH2:5][CH2:6][CH2:7][NH:8]1.[NH2:9][NH2:10]>CCO.CCOCC>[IH:1].[NH2:10][NH:9][C:2]1=[N:3][CH2:4][CH2:5][CH2:6][CH2:7][NH:8]1,products > 1
33,US03931152A;nan;1976;pistachio;66,O.[BrH:1].[CH3:2][C:3]1([CH2:4][N:5]=[C:6]([NH:7][CH2:8]1)SC)[CH3:9].[NH2:10][NH2:11]>CCCO>[BrH:1].[CH3:2][C:3]1([CH2:4][N:5]=[C:6]([NH:7][CH2:8]1)[NH:10][NH2:11])[CH3:9],products > 1
34,US03931152A;nan;1976;pistachio;67,O.[ClH:1].[NH2:2][NH2:3].S[C:4]1=[N:5][CH2:6][CH2:7][CH2:8][NH:9]1>CI.CCO.CC(C)=O.CC(C)O.Cl[Ag]>[ClH:1].[NH2:3][NH:2][C:4]1=[N:5][CH2:6][CH2:7][CH2:8][NH:9]1,products > 1
35,US03931152A;nan;1976;pistachio;68,O.I.CS[C:1]1=[N:2][CH2:3][CH2:4][CH2:5][CH2:6][NH:7]1.[NH2:8][NH2:9]>O.CCOCC.Cl[Ag]>Cl.[NH2:9][NH:8][C:1]1=[N:2][CH2:3][CH2:4][CH2:5][CH2:6][NH:7]1,products > 1
36,US03931160A;nan;1976;pistachio;78,[CH3:1][c:2]1[n:3][n:4][c:5]([s:6]1)[S:7]CC1C[S:8][C@@H:9]2[CH:10]([C:11]([N:12]2C=1C(=O)O)=[O:13])[NH2:14].[NH2:15][CH:16]([C:17](=[O:18])[OH:19])[c:20]1[cH:21][cH:22][cH:23][cH:24][cH:25]1.[CH3:26][CH:27]([CH3:28])[CH2:29][O:30][C:31](=[O:32])Cl>CN1CCOCC1.CCN(CC)CC.C1CCOC1>[CH3:1][c:2]1[n:3][n:4][c:5]([s:6]1)[S:7][CH2:26][C:27]1[CH2:29][S:8][C@@H:9]2[CH:10]([C:11]([N:12]2[C:28]=1[C:31](=[O:32])[OH:30])=[O:13])[NH:14][C:17](=[O:18])[CH:16]([NH2:15])[c:20]1[cH:25][cH:24][c:23]([cH:22][cH:21]1)[NH:14][CH:10]=[O:19],template rdkit validation failed
37,US03931172A;nan;1976;pistachio;90,[CH3:1][c:2]1[cH:3][c:4]2[n:5][o:6][c:7]([c:8]2[cH:9][c:10]1[Cl:11])-[c:12]1[cH:13][cH:14][cH:15][cH:16][cH:17]1.[CH3:18][C:19]([CH3:20])([CH3:21])O.[F:22][B-:23]([F:24])([F:25])[F:26].[H+]>CCOCC.C[N+]([O-])=O>[CH3:1][c:2]1[cH:3][c:4]2[c:8]([cH:9][c:10]1[Cl:11])[c:7]([o:6][n+:5]2[C:19]([CH3:18])([CH3:20])[CH3:21])-[c:12]1[cH:13][cH:14][cH:15][cH:16][cH:17]1.[F:22][B-:23]([F:24])([F:25])[F:26],products > 1
0,US03931177A;nan;1976;pistachio;401,[CH3:1][O:2][C:3](=[O:4])[CH2:5][CH2:6][C:7](=[O:8])[c:9]1[cH:10][cH:11][c:12]([c:13]([cH:14]1)[OH:15])[N+:16]([O-:17])=[O:18]>CN(C)C=O.O=C(O[K])O[K].O=C(Cl)c1ccccc1>[CH3:1][O:2][C:3](=[O:4])[CH2:5][CH2:6][C:7](=[O:8])[c:9]1[cH:10][cH:11][c:12]([c:13]([cH:14]1)[O:15]Cc1ccccc1)[N+:16]([O-:17])=[O:18],template generation failure
1,US03931177A;nan;1976;pistachio;403,[N:1]#[C:2][K].N[c:3]1[cH:4][cH:5][c:6]([cH:7][c:8]1[O:9][CH2:10][c:11]1[cH:12][cH:13][cH:14][cH:15][cH:16]1)[C:17](=[O:18])[CH2:19][CH2:20][C:21](=[O:22])[OH:23]>Cl.O=NO[Na]>[N:1]#[C:2][c:3]1[cH:4][cH:5][c:6]([cH:7][c:8]1[O:9][C:10](=[O:18])[c:11]1[cH:12][cH:13][cH:14][cH:15][cH:16]1)[C:17](=[O:18])[CH2:19][CH2:20][C:21](=[O:22])[OH:23],template rdkit validation failed
2,US03931207A;nan;1976;pistachio;417,[CH3:1][CH2:2][O:3][C:4](=[O:5])[C:6]([O-])=[O:7].[N:8]#[C:9]C[c:10]1[cH:11][cH:12][c:13]([cH:14][cH:15]1)-[c:16]1[cH:17][cH:18][cH:19][cH:20][cH:21]1>>[CH3:1][CH2:2][O:3][C:4](=[O:5])[C:6](=[O:7])[CH2:4][C:11]1([CH:10]=[CH:15][CH:14]=[C:13]([CH2:12]1)[c:16]1[cH:17][cH:18][cH:19][cH:20][cH:21]1)[C:9]#[N:8],template rdkit validation failed
3,US03931230A;nan;1976;pistachio;435,[ClH:1].[CH3:2][N:3]([CH3:4])[CH2:5][CH2:6][c:7]1[nH:8][c:9]2[cH:10][cH:11][cH:12][cH:13][c:14]2[c:15]1[CH2:16][C:17]1([CH2:18][CH2:19][CH2:20][CH2:21][C:22]1=[O:23])[c:24]1[cH:25][cH:26][cH:27][cH:28][cH:29]1>CCOCC>[ClH:1].[CH3:2][N:3]([CH3:4])[CH2:5][CH2:6][c:7]1[c:15]([c:14]2[cH:13][cH:12][cH:11][cH:10][c:9]2[n:8]1C)[CH2:16][C:17]1([CH2:18][CH2:19][CH2:20][CH2:21][C:22]1=[O:23])[c:24]1[cH:25][cH:26][cH:27][cH:28][cH:29]1,products > 1
4,US03931218A;nan;1976;pistachio;438,[CH3:1][c:2]1[cH:3][cH:4][c:5]([cH:6][cH:7]1)[S:8](=[O:9])(=[O:10])[NH:11][CH2:12][CH2:13][NH:14][C:15]([CH3:16])=O>O.CCOCC.[Li][AlH4]>Cl.[CH3:16][CH2:15][NH:14][CH2:13][CH2:12][NH:11][S:8](=[O:9])(=[O:10])[c:5]1[cH:4][cH:3][c:2]([cH:7][cH:6]1)[CH3:1],products > 1
5,US03931218A;nan;1976;pistachio;444,[CH3:1][CH2:2][N:3]([CH2:4][CH:5]([CH3:6])[NH:7]S(=O)(=O)c1ccc(cc1)C)[C:8](=O)[c:9]1[cH:10][cH:11][cH:12][cH:13][c:14]1[C:15](=[O:16])[c:17]1[cH:18][cH:19][c:20]([cH:21][cH:22]1)[Cl:23]>O=S(=O)(O)O>[ClH:23].[CH3:6][CH:5]1[CH2:4][N:3]([C:8](=[N:7]1)[c:9]1[cH:10][cH:11][cH:12][cH:13][c:14]1[C:15](=[O:16])[c:17]1[cH:18][cH:19][c:20]([cH:21][cH:22]1)[Cl:23])[CH2:2][CH3:1],products > 1
6,US03931217A;nan;1976;pistachio;455,O=C(O)c1cc[cH:1][cH:2][c:3]1[C:4](=[O:5])[c:6]1[cH:7][cH:8][cH:9][cH:10][c:11]1[Cl:12].CC[O:13][CH2:14][CH3:15].[CH2:16]1[CH2:17][CH2:18][O:19][CH2:20]1>[Li][AlH4].O>[OH:13][CH2:18][c:17]1[cH:15][cH:14][cH:1][cH:2][c:16]1[CH:20]([OH:19])[c:6]1[cH:7][cH:8][cH:9][cH:10][c:11]1[Cl:12].[CH3:6][CH:4]([CH3:3])[O:5][CH:17]([CH3:16])[CH3:18],products > 1
7,US03931217A;nan;1976;pistachio;456,[ClH:1].[NH2:2][CH2:3][CH2:4][NH2:5].O=[CH:6][c:7]1[cH:8][cH:9][cH:10][cH:11][c:12]1[C:13](=O)[OH:14]>CO.CCO>[ClH:1].[O:14]=[C:13]1[c:12]2[cH:11][cH:10][cH:9][cH:8][c:7]2[CH:6]2[NH:5][CH2:4][CH2:3][N:2]12,products > 1
8,US03931167A;nan;1976;pistachio;469,[CH3:1][C:2](=[O:3])[O:4][C@@:5]1([CH2:6][CH2:7][C@H:8]2[C@H:9]3[C@H:10]([CH2:11][CH2:12][C@@:13]21[CH3:14])[C@:15]1([CH2:16][CH2:17][C:18]([CH:19]=[C:20]1[C@@H:21]([C@@H:22]3OS(C)(=O)=O)OS(C)(=O)=O)=[O:23])[CH3:24])[C:25]([CH3:26])=[O:27].[N-:28]=[N+:29]=[N:30][Na]>CO.CC(=O)O>[CH3:1][C:2](=[O:3])[O:4][C@@:5]1([CH2:6][CH2:7][C@H:8]2[C@@H:9]3[CH:22]=[C:21]([C:20]4=[CH:19][C:18]([CH2:17][CH2:16][C@@:15]4([C@H:10]3[CH2:11][CH2:12][C@@:13]21[CH3:14])[CH3:24])=[O:23])[N:28]=[N+:29]=[N-:30])[C:25]([CH3:26])=[O:27],template generation failure
9,US03931167A;nan;1976;pistachio;470,[CH3:1][C:2](=[O:3])[O:4][C@@:5]1([CH2:6][CH2:7][C@H:8]2[C@@H:9]3[CH:10]=[CH:11][C:12]4=[CH:13][C:14]([CH:15]=[CH:16][C@@:17]4([C@H:18]3[CH2:19][CH2:20][C@@:21]21[CH3:22])[CH3:23])=[O:24])[C:25]([CH3:26])=[O:27]>c1ccncc1.C1COCCO1.O=[Os](=O)(=O)=O>[CH3:1][C:2](=[O:3])[O:4][C@@:5]1([CH2:6][CH2:7][C@H:8]2[C@@H:9]3[C@H:10]([C@H:11]([C:12]4=[CH:13][C:14]([CH:15]=[CH:16][C@@:17]4([C@H:18]3[CH2:19][CH2:20][C@@:21]21[CH3:22])[CH3:23])=[O:24])O)O)[C:25]([CH3:26])=[O:27],template generation failure
10,US03931167A;nan;1976;pistachio;471,[CH3:1][C:2](=[O:3])[O:4][C@@:5]1([CH2:6][CH2:7][C@H:8]2[C@H:9]3[C@H:10]([CH2:11][CH2:12][C@@:13]21[CH3:14])[C@:15]1([CH:16]=[CH:17][C:18]([CH:19]=[C:20]1[C@@H:21]([C@@H:22]3OS(C)(=O)=O)OS(C)(=O)=O)=[O:23])[CH3:24])[C:25]([CH3:26])=[O:27].[N-:28]=[N+:29]=[N:30][Na]>CN(C)C=O>[CH3:1][C:2](=[O:3])[O:4][C@@:5]1([CH2:6][CH2:7][C@H:8]2[C@@H:9]3[CH:22]=[C:21]([C:20]4=[CH:19][C:18]([CH:17]=[CH:16][C@@:15]4([C@H:10]3[CH2:11][CH2:12][C@@:13]21[CH3:14])[CH3:24])=[O:23])[N:28]=[N+:29]=[N-:30])[C:25]([CH3:26])=[O:27],template generation failure
11,US03931167A;nan;1976;pistachio;472,[CH3:1][C@:2]12[CH2:3][CH2:4][C@H:5]3[C@@H:6]([C@@H:7]([C@@H:8]([C:9]4=[CH:10][C:11]([CH2:12][CH2:13][C@@:14]43[CH3:15])=[O:16])O)O)[C@@H:17]1[CH2:18][CH2:19][C:20]2=[O:21].[N-:22]=[N+:23]=[N:24][Na]>C[C@]12CC[C@H]3[C@@H]([C@@H]([C@@H](C4=CC(CC[C@@]43C)=O)OS(C)(=O)=O)OS(C)(=O)=O)[C@@H]1CCC2=O.CS(=O)(=O)Cl.CN(C)C=O.c1ccncc1>[CH3:1][C@:2]12[CH2:3][CH2:4][C@H:5]3[C@@H:6]([CH:7]=[C:8]([C:9]4=[CH:10][C:11]([CH2:12][CH2:13][C@@:14]43[CH3:15])=[O:16])[N:22]=[N+:23]=[N-:24])[C@@H:17]1[CH2:18][CH2:19][C:20]2=[O:21],template generation failure
12,US03931167A;nan;1976;pistachio;473,[CH3:1][C@:2]12[CH2:3][CH2:4][C@H:5]3[C@@H:6]([C@@H:7]([C@@H:8]([C:9]4=[CH:10][C:11]([CH2:12][CH2:13][C@@:14]43[CH3:15])=[O:16])OS(C)(=O)=O)OS(C)(=O)=O)[C@@H:17]1[CH2:18][CH2:19][C:20]2=[O:21].[N-:22]=[N+:23]=[N:24][Na]>CO.CC(=O)O>[CH3:1][C@:2]12[CH2:3][CH2:4][C@H:5]3[C@@H:6]([CH:7]=[C:8]([C:9]4=[CH:10][C:11]([CH2:12][CH2:13][C@@:14]43[CH3:15])=[O:16])[N:22]=[N+:23]=[N-:24])[C@@H:17]1[CH2:18][CH2:19][C:20]2=[O:21],template generation failure
13,US03931167A;nan;1976;pistachio;474,[CH3:1][C@:2]12[CH2:3][CH2:4][C@H:5]3[C@@H:6]([CH:7]=[CH:8][C:9]4=[CH:10][C:11]([CH:12]=[CH:13][C@@:14]43[CH3:15])=[O:16])[C@@H:17]1[CH2:18][CH2:19][C:20]2=[O:21]>c1ccncc1.C1COCCO1.O=[Os](=O)(=O)=O>[CH3:1][C@:2]12[CH2:3][CH2:4][C@H:5]3[C@@H:6]([C@H:7]([C@H:8]([C:9]4=[CH:10][C:11]([CH:12]=[CH:13][C@@:14]43[CH3:15])=[O:16])O)O)[C@@H:17]1[CH2:18][CH2:19][C:20]2=[O:21],template generation failure
14,US03931167A;nan;1976;pistachio;475,[CH3:1][C@:2]12[CH2:3][CH2:4][C@H:5]3[C@@H:6]([C@H:7]([C@H:8]([C:9]4=[CH:10][C:11]([CH:12]=[CH:13][C@@:14]43[CH3:15])=[O:16])OS(C)(=O)=O)OS(C)(=O)=O)[C@@H:17]1[CH2:18][CH2:19][C:20]2=[O:21].[N-:22]=[N+:23]=[N:24][Na]>CN(C)C=O>[CH3:1][C@:2]12[CH2:3][CH2:4][C@H:5]3[C@@H:6]([CH:7]=[C:8]([C:9]4=[CH:10][C:11]([CH:12]=[CH:13][C@@:14]43[CH3:15])=[O:16])[N:22]=[N+:23]=[N-:24])[C@@H:17]1[CH2:18][CH2:19][C:20]2=[O:21],template generation failure
15,US03931167A;nan;1976;pistachio;476,[CH3:1][CH:2]([CH3:3])[CH2:4][CH2:5][CH2:6][C@@H:7]([CH3:8])[C@H:9]1[CH2:10][CH2:11][C@H:12]2[C@@H:13]3[C@H:14]([C@H:15]([C:16]4=[CH:17][C:18]([CH2:19][CH2:20][C@@:21]4([C@H:22]3[CH2:23][CH2:24][C@:25]12[CH3:26])[CH3:27])=[O:28])OS(C)(=O)=O)OS(C)(=O)=O.[N-:29]=[N+:30]=[N:31][Na]>CO.CC(=O)O>[CH3:3][CH:2]([CH3:1])[CH2:4][CH2:5][CH2:6][C@@H:7]([CH3:8])[C@H:9]1[CH2:10][CH2:11][C@H:12]2[C@@H:13]3[CH:14]=[C:15]([C:16]4=[CH:17][C:18]([CH2:19][CH2:20][C@@:21]4([C@H:22]3[CH2:23][CH2:24][C@:25]12[CH3:26])[CH3:27])=[O:28])[N:31]=[N+:30]=[N-:29],template generation failure
16,US03931167A;nan;1976;pistachio;477,[CH2:1]=[C:2]1[CH2:3][C@H:4]2[C@@H:5]3[C@H:6]([C@H:7]([C:8]4=[CH:9][C:10]([CH2:11][CH2:12][C@@:13]4([C@H:14]3[CH2:15][CH2:16][C@@:17]2([C@@:18]1([OH:19])[C:20]([CH3:21])=[O:22])[CH3:23])[CH3:24])=[O:25])OS(C)(=O)=O)OS(C)(=O)=O.[N-:26]=[N+:27]=[N:28][Na]>Br.CC(=O)O.CN(C)C=O>[CH2:1]=[C:2]1[CH2:3][C@H:4]2[C@@H:5]3[CH:6]=[C:7]([C:8]4=[CH:9][C:10]([CH2:11][CH2:12][C@@:13]4([C@H:14]3[CH2:15][CH2:16][C@@:17]2([C@@:18]1([OH:19])[C:20]([CH3:21])=[O:22])[CH3:23])[CH3:24])=[O:25])[N:26]=[N+:27]=[N-:28],template generation failure
17,US03931167A;nan;1976;pistachio;478,[CH3:1][C@:2]12[CH2:3][CH2:4][C@H:5]3[C@@H:6]([C@@H:7]([C@H:8]([C:9]4=[CH:10][C:11]([CH2:12][CH2:13][C@@:14]43[CH3:15])=[O:16])[OH:17])[OH:18])[C@@H:19]1[CH2:20][CH2:21][C:22]2=[O:23].[CH3:24][S:25](=[O:26])(=[O:27])Cl>c1ccncc1>[CH3:1][C@:2]12[CH2:3][CH2:4][C@H:5]3[C@@H:6]([C@@H:7]([C@H:8]([C:9]4=[CH:10][C:11]([CH2:12][CH2:13][C@@:14]43[CH3:15])=[O:16])[O:17][S:25]([CH3:24])(=[O:26])=[O:27])[O:18][S:25]([CH3:24])(=[O:26])=[O:27])[C@@H:19]1[CH2:20][CH2:21][C:22]2=[O:23],template rdkit validation failed
18,US03931228A;nan;1976;pistachio;480,O=Cc1ccccc1[C:1](=[O:2])[OH:3].[O:4]=[CH:5][c:6]1[cH:7][cH:8]cc[c:9]1[C:10](=O)O.[cH:11]1[cH:12][cH:13][cH:14][cH:15][cH:16]1.[cH:17]1[cH:18][cH:19][nH:20][cH:21]1>Cc1ccc([nH]1)C>[O:3]=[C:1]1[O:4][CH:5]([c:15]2[cH:16][cH:11][cH:12][cH:13][c:14]12)[c:6]1[cH:7][cH:8][nH:20][cH:9]1.[O:2]=[C:1]1[O:3][CH:10]([c:15]2[cH:16][cH:11][cH:12][cH:13][c:14]12)[c:21]1[cH:17][cH:18][cH:19][nH:20]1,products > 1
19,US03931228A;nan;1976;pistachio;481,[O:1]=[CH:2][c:3]1[cH:4][cH:5][cH:6][cH:7][c:8]1[C:9](=[O:10])O.[cH:11]1[cH:12][c:13]2[cH:14][cH:15][cH:16][cH:17][c:18]2[nH:19]1>>[O:10]=[C:9]1[O:1][C:2]([c:3]2[cH:4][cH:5][cH:6][cH:7][c:8]12)([c:12]1[cH:11][nH:19][c:18]2[cH:17][cH:16][cH:15][cH:14][c:13]21)[c:12]1[cH:11][nH:19][c:18]2[cH:17][cH:16][cH:15][cH:14][c:13]21,template rdkit validation failed
20,US03931195A;nan;1976;pistachio;486,[I-:1].[CH3:2]I.[O:3]=[CH:4][NH:5][c:6]1[cH:7][cH:8][cH:9][cH:10][c:11]1[CH2:12][CH2:13][c:14]1[cH:15][cH:16][cH:17][cH:18][n:19]1.c1cc[nH+]cc1>CC(C)=O>[I-:1].[CH3:2][n+:19]1[cH:18][cH:17][cH:16][cH:15][c:14]1[CH2:13][CH2:12][c:11]1[cH:10][cH:9][cH:8][cH:7][c:6]1[NH:5][CH:4]=[O:3],products > 1
21,US03931195A;nan;1976;pistachio;490,[I-:1].[CH3:2][O:3][c:4]1[cH:5][cH:6][c:7]([c:8]([cH:9]1)[CH2:10][CH2:11][c:12]1[cH:13][cH:14][cH:15][cH:16][n:17]1)[NH:18][CH:19]=[O:20].[CH3:21]I.c1cc[nH+]cc1>O=CNc1ccccc1CCc1ccccn1>[I-:1].[CH3:2][O:3][c:4]1[cH:5][cH:6][c:7]([c:8]([cH:9]1)[CH2:10][CH2:11][c:12]1[cH:13][cH:14][cH:15][cH:16][n+:17]1[CH3:21])[NH:18][CH:19]=[O:20],products > 1
22,US03931195A;nan;1976;pistachio;498,[CH3:1][CH2:2][c:3]1[cH:4][n:5][c:6]([cH:7][cH:8]1)[CH2:9][CH2:10][c:11]1[cH:12][cH:13][cH:14][cH:15][c:16]1[NH:17][CH:18]=[O:19].[CH3:20][I:21]>CC(C)=O.O=CNc1ccccc1CCc1ccccn1>[I-:21].[CH3:1][CH2:2][c:3]1[cH:8][cH:7][c:6]([n+:5]([cH:4]1)[CH3:20])[CH2:9][CH2:10][c:11]1[cH:12][cH:13][cH:14][cH:15][c:16]1[NH:17][CH:18]=[O:19],products > 1
0,US03931205A;nan;1976;pistachio;308,[CH3:1][CH:2]([C:3](=[O:4])O)[c:5]1[cH:6][cH:7][c:8]2[O:9][c:10]3[n:11][cH:12][cH:13][cH:14][c:15]3[CH2:16][c:17]2[cH:18]1.[CH3:19][N:20]([CH3:21])[CH2:22][CH2:23][OH:24]>Cc1ccc(cc1)S(=O)(=O)Cl.c1ccncc1>Cl.[CH3:19][N:20]([CH3:21])[CH2:22][CH2:23][O:24][C:3](=[O:4])[CH:2]([CH3:1])[c:5]1[cH:6][cH:7][c:8]2[O:9][c:10]3[n:11][cH:12][cH:13][cH:14][c:15]3[CH2:16][c:17]2[cH:18]1,products > 1
1,US03931192A;nan;1976;pistachio;310,[CH3:1][CH2:2][c:3]1[cH:4][n:5][cH:6][cH:7][c:8]1[CH2:9][CH:10]([OH:11])[C:12]([Cl:13])([Cl:14])[Cl:15].[O:16]=[C:17]([OH:18])[C@@H:19]([OH:20])[C@H:21]([OH:22])[C:23](=[O:24])[OH:25]>CC(C)=O>[CH3:1][CH2:2][c:3]1[cH:4][n:5][cH:6][cH:7][c:8]1[CH2:9][C@@H:10]([OH:11])[C:12]([Cl:13])([Cl:14])[Cl:15].[O:24]=[C:23]([OH:25])[C@@H:21]([OH:22])[C@H:19]([OH:20])[C:17](=[O:16])[OH:18],products > 1
2,US03931192A;nan;1976;pistachio;311,C=C[C@H]1C[N:1]([CH2:2][CH2:3][C@H:4]1CC=[O:5])[C:6](=O)[c:7]1ccccc1.[CH3:8][CH2:9][CH2:10][CH2:11][Li].[Cl:12][CH2:13][Cl:14]>CCCCCC.C1CCOC1>[ClH:12].[CH2:4]=[CH:3][C@H:8]1[CH2:2][NH:1][CH2:6][CH2:7][C@H:9]1[CH2:10][C@H:11]([OH:5])[CH:13]([Cl:14])[Cl:12],products > 1
3,US03931193A;nan;1976;pistachio;320,[CH3:1][CH2:2][c:3]1[cH:4][n:5][cH:6][cH:7][c:8]1[CH2:9][CH:10]([OH:11])[C:12]([Cl:13])([Cl:14])[Cl:15].[O:16]=[C:17]([OH:18])[C@@H:19]([OH:20])[C@H:21]([OH:22])[C:23](=[O:24])[OH:25]>CC(C)=O>[CH3:1][CH2:2][c:3]1[cH:4][n:5][cH:6][cH:7][c:8]1[CH2:9][C@@H:10]([OH:11])[C:12]([Cl:13])([Cl:14])[Cl:15].[O:24]=[C:23]([OH:25])[C@@H:21]([OH:22])[C@H:19]([OH:20])[C:17](=[O:16])[OH:18],products > 1
4,US03931193A;nan;1976;pistachio;321,C=C[C@H]1C[N:1]([CH2:2][CH2:3][C@H:4]1CC=[O:5])[C:6](=O)[c:7]1ccccc1.[CH3:8][CH2:9][CH2:10][CH2:11][Li].[Cl:12][CH2:13][Cl:14]>CCCCCC.C1CCOC1>[ClH:12].[CH2:4]=[CH:3][C@H:8]1[CH2:2][NH:1][CH2:6][CH2:7][C@H:9]1[CH2:10][C@H:11]([OH:5])[CH:13]([Cl:14])[Cl:12],products > 1
5,US03931209A;nan;1976;pistachio;327,[NH2:1][c:2]1[n:3][n:4][c:5]([s:6]1)[C:7]([F:8])([F:9])[F:10].[O:11]=[C:12](Cl)Cl>CCOC(C)=O>[O:11]=[C:12]=[N:1][c:2]1[n:3][n:4][c:5]([s:6]1)[C:7]([F:8])([F:9])[F:10].[O:11]=[C:12]=[N:1][c:2]1[n:3][n:4][c:5]([s:6]1)[C:7]([F:8])([F:9])[F:10],products > 1
6,US03931177A;nan;1976;pistachio;364,[CH3:1][CH:2]([CH3:3])[NH2:4].[CH3:5][CH2:6][CH2:7][O:8][c:9]1[c:10]2[cH:11][cH:12][cH:13][cH:14][c:15]2[c:16]([c:17]2O[c:18]12)[CH:19]1[CH2:20][CH:21]=[N:22][NH:23][C:24]1=[O:25]>CO>[CH3:1][CH:2]([CH3:3])[NH:4][CH2:5][CH:6]([OH:8])[CH2:7][O:8][c:9]1[cH:18][cH:17][c:16]([c:15]2[cH:14][cH:13][cH:12][cH:11][c:10]12)[C:19]1[CH2:20][CH2:21][C:24]([NH:23][N:22]=1)=[O:25],template rdkit validation failed
7,US03931177A;nan;1976;pistachio;370,[OH:1][c:2]1[cH:3][cH:4][cH:5][cH:6][c:7]1[Cl:8].[O:9]=[C:10]1[CH2:11][CH2:12][C:13]([O:14]1)=[O:15].Cl[CH:16](Cl)C(Cl)Cl>Cl[Al](Cl)Cl.Cl>[CH3:16][O:14][C:13](=[O:15])[CH2:12][CH2:11][C:10](=[O:9])[c:3]1[cH:4][cH:5][cH:6][c:7]([c:2]1[OH:1])[Cl:8].[CH3:16][O:14][C:13](=[O:15])[CH2:12][CH2:11][C:10](=[O:9])[c:5]1[cH:4][cH:3][c:2]([c:7]([cH:6]1)[Cl:8])[OH:1],products > 1
8,US03931177A;nan;1976;pistachio;371,[CH3:1][C:2]([CH3:3])([CH3:4])[NH2:5].[O:6]=[C:7]1[CH2:8][CH2:9][C:10](=[N:11][NH:12]1)[c:13]1[cH:14][cH:15][c:16]([c:17]([cH:18]1)[Cl:19])[O:20][CH2:21][CH:22]1[CH2:23][O:24]1>>Cl.[CH3:1][C:2]([CH3:3])([CH3:4])[NH:5][CH2:23][CH:22]([OH:24])[CH2:21][O:20][c:16]1[cH:15][cH:14][c:13]([cH:18][c:17]1[Cl:19])[C:10]1[CH2:9][CH2:8][C:7]([NH:12][N:11]=1)=[O:6],products > 1
9,US03931177A;nan;1976;pistachio;372,[OH:1][c:2]1[cH:3][cH:4][c:5]([cH:6][c:7]1[Cl:8])[Br:9]>>[Cl:8][c:7]1[cH:6][c:5]([cH:4][cH:3][c:2]1[O:1]Cc1ccccc1)[Br:9],template generation failure
10,US03931177A;nan;1976;pistachio;381,[OH:1][c:2]1[cH:3][cH:4][c:5]([cH:6][c:7]1[N:8]1[CH2:9][CH2:10][O:11][CH2:12][CH2:13]1)[Br:14].Cl[CH2:15][c:16]1[cH:17][cH:18][cH:19][cH:20][cH:21]1>O.CC(C)=O.O=C(O[K])O[K]>Cl.[Br:14][c:5]1[cH:4][cH:3][c:2]([c:7]([cH:6]1)[N:8]1[CH2:9][CH2:10][O:11][CH2:12][CH2:13]1)[O:1][CH2:15][c:16]1[cH:21][cH:20][cH:19][cH:18][cH:17]1,products > 1
11,US03931177A;nan;1976;pistachio;383,C[O:1][C:2](=[O:3])[CH2:4][CH2:5][C:6](=[O:7])[c:8]1[cH:9][c:10]([cH:11][cH:12][c:13]1[OH:14])[N+:15]([O-:16])=[O:17]>O[Na]>Cl.[O-:16][N+:15](=[O:17])[c:10]1[cH:11][cH:12][c:13]([c:8]([cH:9]1)[C:6](=[O:7])[CH2:5][CH2:4][C:2](=[O:3])[OH:1])[OH:14],products > 1
12,US03931177A;nan;1976;pistachio;391,[ClH:1].[CH2:2]=O.[CH3:3][CH:4]([OH:5])[C:6](=[O:7])[c:8]1[cH:9][cH:10][cH:11][cH:12][cH:13]1.[CH3:14][NH:15][CH3:16]>Cl.CCO>[ClH:1].[CH3:2][CH:4]([CH2:3][N:15]([CH3:14])[CH3:16])[C:6](=[O:7])[c:8]1[cH:13][cH:12][cH:11][cH:10][c:9]1[OH:5],products > 1
13,US03931177A;nan;1976;pistachio;394,[CH3:1][O:2][c:3]1[cH:4][cH:5][cH:6][c:7]([c:8]1[Li])[O:9][CH3:10].CN1[C:11]([CH2:12][CH2:13][C:14]1=[O:15])=[O:16]>>[CH3:10][O:9][c:7]1[cH:6][cH:5][cH:4][c:3]([c:8]1[C:11](=[O:16])[CH2:12][CH2:13][C:14](=[O:2])[OH:15])[O:2][CH3:1],template rdkit validation failed
14,US03931177A;nan;1976;pistachio;397,[I-].[CH3:1][C:2](=[O:3])[O:4][c:5]1[cH:6][c:7]([cH:8][cH:9][c:10]1[N+:11]([O-:12])=[O:13])[C:14](=[O:15])[CH:16]([CH3:17])[CH2:18][N+](C)(C)C>CO.N#C[K]>[CH3:1][C:2](=[O:3])[O:4][c:5]1[cH:6][c:7]([cH:8][cH:9][c:10]1[N+:11]([O-:12])=[O:13])[C:14](=[O:15])[CH:16]([CH3:17])[CH2:18][C:2](=[O:4])[OH:3],template rdkit validation failed
0,US03931195A;nan;1976;pistachio;510,[I-].C[CH2:1][OH:2].[CH3:3][CH:4]([CH2:5][c:6]1[cH:7][cH:8][cH:9][cH:10][c:11]1[NH:12]C=O)[c:13]1[cH:14][cH:15][cH:16][cH:17][n+:18]1[CH3:19]>>[CH3:3][CH:4]([CH2:5][CH2:6][CH2:7][c:8]1[cH:9][cH:10][cH:11][cH:6][c:11]1[NH:12][CH:1]=[O:2])[CH:13]1[CH2:14][CH2:15][CH2:16][CH2:17][N:18]1[CH3:19],template rdkit validation failed
1,US03931195A;nan;1976;pistachio;512,[CH3:1][CH2:2][I:3].[O:4]=[CH:5][NH:6][c:7]1[cH:8][cH:9][cH:10][cH:11][c:12]1[CH2:13][CH2:14][c:15]1[cH:16][cH:17][cH:18][cH:19][n:20]1>CC#N>[I-:3].[CH3:1][CH2:2][n+:20]1[cH:19][cH:18][cH:17][cH:16][c:15]1[CH2:14][CH2:13][c:12]1[cH:11][cH:10][cH:9][cH:8][c:7]1[NH:6][CH:5]=[O:4],products > 1
2,US03931195A;nan;1976;pistachio;517,[NH2:1][c:2]1[cH:3][cH:4][cH:5][cH:6][c:7]1[CH2:8][CH2:9][CH:10]1[CH2:11][CH2:12][CH2:13][CH2:14][NH:15]1.[O:16]=[C:17](Cl)[c:18]1[cH:19][cH:20][c:21]([cH:22][cH:23]1)[F:24]>>[CH3:21][N:15]1[CH2:14][CH2:13][CH2:12][CH2:11][CH:10]1[CH2:9][CH2:8][c:7]1[cH:6][cH:5][cH:4][cH:3][c:2]1[NH:1][C:17](=[O:16])[c:18]1[cH:23][cH:22][c:21]([cH:20][cH:19]1)[F:24],template rdkit validation failed
3,US03931195A;nan;1976;pistachio;518,[NH2:1][c:2]1[cH:3][cH:4][cH:5][cH:6][c:7]1[CH2:8][CH2:9][CH:10]1[CH2:11][CH2:12][CH2:13][CH2:14][NH:15]1.[O:16]=[C:17](Cl)[c:18]1[cH:19][cH:20][c:21]([cH:22][cH:23]1)[C:24]([F:25])([F:26])[F:27]>>[CH3:24][N:15]1[CH2:14][CH2:13][CH2:12][CH2:11][CH:10]1[CH2:9][CH2:8][c:7]1[cH:6][cH:5][cH:4][cH:3][c:2]1[NH:1][C:17](=[O:16])[c:18]1[cH:19][cH:20][c:21]([cH:22][cH:23]1)[C:24]([F:27])([F:25])[F:26],template rdkit validation failed
4,US03931195A;nan;1976;pistachio;520,C[CH2:1][O:2][C:3](=O)[c:4]1[cH:5][cH:6][n:7][cH:8][cH:9]1.[NH2:10][c:11]1[cH:12][cH:13][cH:14][cH:15][c:16]1[CH2:17][CH2:18][CH:19]1[CH2:20][CH2:21][CH2:22][CH2:23][NH:24]1>>[OH2:2].[CH3:1][N:24]1[CH2:23][CH2:22][CH2:21][CH2:20][CH:19]1[CH2:18][CH2:17][c:16]1[cH:15][cH:14][cH:13][cH:12][c:11]1[NH:10][C:3](=[O:2])[c:4]1[cH:5][cH:6][n:7][cH:8][cH:9]1,products > 1
5,US03931195A;nan;1976;pistachio;523,[CH:1]#[C:2][C:3](=[O:4])O[CH2:5][CH3:6].[CH3:7][N:8]1[CH2:9][CH2:10][CH2:11][CH2:12][CH:13]1[CH2:14][CH2:15][c:16]1[cH:17][cH:18][cH:19][cH:20][c:21]1[NH2:22]>>[CH3:7][N:8]1[CH2:9][CH2:10][CH2:11][CH2:12][CH:13]1[CH2:14][CH2:15][c:16]1[cH:17][cH:18][cH:19][cH:20][c:21]1[NH:22][C:3](=[O:4])[C:2]#[C:1][c:6]1[cH:5][cH:19][cH:20][cH:21][cH:16]1,template rdkit validation failed
6,US03931195A;nan;1976;pistachio;528,[CH3:1][O:2][c:3]1[cH:4][cH:5][c:6]([cH:7][cH:8]1)[C:9](=[O:10])[NH:11][c:12]1[cH:13][cH:14][cH:15][cH:16][c:17]1[CH2:18][c:19]1[cH:20][cH:21][cH:22][cH:23][n:24]1.[CH3:25][I:26]>CC(C)=O>[I-:26].[CH3:1][O:2][c:3]1[cH:8][cH:7][c:6]([cH:5][cH:4]1)[C:9](=[O:10])[NH:11][c:12]1[cH:13][cH:14][cH:15][cH:16][c:17]1[CH2:18][c:19]1[cH:20][cH:21][cH:22][cH:23][n+:24]1[CH3:25],products > 1
7,US03931195A;nan;1976;pistachio;532,[CH3:1][O:2][c:3]1[cH:4][cH:5][c:6]([cH:7][cH:8]1)[C:9](=[O:10])[NH:11][c:12]1[cH:13][cH:14][cH:15][cH:16][c:17]1[CH:18]([CH3:19])[c:20]1[cH:21][cH:22][cH:23][cH:24][n:25]1.[CH3:26]OS(=O)(=O)OC>CO>[I-].[CH3:1][O:2][c:3]1[cH:4][cH:5][c:6]([cH:7][cH:8]1)[C:9](=[O:10])[NH:11][c:12]1[cH:13][cH:14][cH:15][cH:16][c:17]1[CH:18]([CH3:19])[c:20]1[cH:21][cH:22][cH:23][cH:24][n+:25]1[CH3:26],products > 1
8,US03931195A;nan;1976;pistachio;533,[CH3:1][C:2](=[O:3])[c:4]1[cH:5][cH:6][c:7]([cH:8][cH:9]1)[Br:10].[CH3:11][c:12]1[cH:13][cH:14][cH:15][cH:16][n:17]1.[CH3:18][C:19](=O)O>c1ccccc1>[CH3:1][C:2]([OH:3])([CH2:11][c:12]1[cH:13][cH:14][cH:15][cH:16][n:17]1)[c:4]1[cH:5][cH:6][c:7]([cH:8][cH:9]1)[Br:10].[CH3:1][C:2](=[CH:11][c:12]1[cH:13][cH:14][cH:19][cH:18][n:17]1)[c:4]1[cH:5][cH:6][c:7]([cH:8][cH:9]1)[Br:10],products > 1
9,US03931195A;nan;1976;pistachio;537,[CH3:1][C@:2]1([CH2:3][CH2:4][C@@H:5]([C:6]1([CH3:7])[CH3:8])[C:9](=[O:10])[OH:11])[C:12](=[O:13])[OH:14]>CN1CCCCC1CCc1ccccc1N>[CH3:1][C@@:2]1([CH2:3][CH2:4][C@H:5]([C:6]1([CH3:7])[CH3:8])[C:9](=[O:10])[OH:11])[C:12](=[O:13])[OH:14],template generation failure
10,US03931255A;nan;1976;pistachio;568,[O-:1][N+:2](=[O:3])[c:4]1[cH:5][cH:6][cH:7][c:8]2[C:9]([CH:10]=[CH:11][C:12]([c:13]21)=[N:14]O)=[O:15].[ClH:16]>CC(C)=O.Cl[Fe]Cl.O.O.O.O>[NH2:14][c:12]1[cH:11][cH:10][c:9]([c:8]2[cH:7][cH:6][cH:5][c:4]([c:13]21)[N+:2]([O-:3])=[O:1])[OH:15].[ClH:16],products > 1
11,US03931240A;nan;1976;pistachio;571,[CH3:1][c:2]1[o:3][c:4]2[cH:5][cH:6][cH:7][c:8]([c:9]2[c:10]1[CH3:11])[O:12][CH2:13][C:14]#[N:15]>>Cl.[CH3:11][c:10]1[c:2]([o:3][c:4]2[cH:5][cH:6][cH:7][c:8]([c:9]12)[O:12][CH2:13][C:14](N)=[N:15]O)[CH3:1],products > 1
12,US03931240A;nan;1976;pistachio;572,[CH3:1][C:2]([CH3:3])([C:4]#[N:5])[O:6][c:7]1[cH:8][cH:9][cH:10][c:11]2[cH:12][cH:13][cH:14][cH:15][c:16]12>>Cl.[CH3:1][C:2]([CH3:3])([O:6][c:7]1[cH:8][cH:9][cH:10][c:11]2[cH:12][cH:13][cH:14][cH:15][c:16]21)[C:4](N)=[N:5]O,products > 1
13,US03931240A;nan;1976;pistachio;574,[CH3:1][c:2]1[o:3][c:4]2[cH:5][cH:6][cH:7][cH:8][c:9]2[c:10]1[O:11][CH2:12][C:13]#[N:14]>>Cl.[CH3:1][c:2]1[o:3][c:4]2[cH:5][cH:6][cH:7][cH:8][c:9]2[c:10]1[O:11][CH2:12][C:13](N)=[N:14]O,products > 1
14,US03931240A;nan;1976;pistachio;576,[CH3:1][c:2]1[o:3][c:4]2[cH:5][cH:6][cH:7][cH:8][c:9]2[c:10]1[O:11][C:12]([CH3:13])([CH3:14])[C:15]#[N:16]>>Cl.[CH3:1][c:2]1[o:3][c:4]2[cH:5][cH:6][cH:7][cH:8][c:9]2[c:10]1[O:11][C:12]([CH3:13])([CH3:14])[C:15](N)=[N:16]O,products > 1
15,US03931239A;nan;1976;pistachio;598,[OH2:1].C=[C:2]([CH2:3]CC)[C:4](=O)[c:5]1[cH:6][c:7]2[o:8][c:9]([cH:10][c:11]2[c:12]([c:13]1[CH3:14])C)[C:15](=[O:16])[OH:17]>O=S(=O)(O)O>[CH3:12][c:11]1[c:10]([c:7]2[o:8][c:9]([cH:10][c:11]2[c:14]2[CH2:13][CH:5]([C:6]([c:7]12)=[O:1])[CH2:4][CH2:2][CH3:3])[C:15](=[O:16])[OH:17])[CH3:9],template rdkit validation failed
0,US03931269A;nan;1976;pistachio;709,[Na+:1].[CH3:2][O:3][c:4]1[cH:5][cH:6][c:7]2[cH:8][c:9]([cH:10][cH:11][c:12]2[cH:13]1)[CH:14](Cl)[C:15]([O-:16])=[O:17].[O:18]=[S:19]([O:20][Na:21])[O:22][Na]>CCO>[Na+:21].[Na+:1].[CH3:2][O:3][c:4]1[cH:5][cH:6][c:7]2[cH:8][c:9]([cH:10][cH:11][c:12]2[cH:13]1)[CH:14]([C:15]([O-:17])=[O:16])[S:19]([O-:20])(=[O:18])=[O:22],products > 1
1,US03931269A;nan;1976;pistachio;710,[CH3:1][O:2][c:3]1[cH:4][cH:5][c:6]2[cH:7][c:8]([cH:9][cH:10][c:11]2[cH:12]1)[CH:13](Cl)[C:14](=[O:15])[O:16][CH2:17][CH3:18].[O-:19][S:20]([O-:21])(=O)=[S:22].O.O.O.O.O.[Na+:23].[Na+]>>[CH3:18][CH2:17][O:16][C:14](=[O:15])[CH:13]([c:8]1[cH:9][cH:10][c:11]2[cH:12][c:3]([cH:4][cH:5][c:6]2[cH:7]1)[O:2][CH3:1])[S:20]([O-:21])(=[O:19])=[S:22].[Na+:23],products > 1
2,US03931295A;nan;1976;pistachio;713,[OH2:1].[O:2]=[C:3]([OH:4])[c:5]1[cH:6][cH:7][cH:8][cH:9][cH:10]1>N#Cc1ccccc1.OO.O[Na]>[O:4]=[C:3]([OH:2])[c:5]1[cH:10][cH:9][c:8]([cH:7][cH:6]1)[OH:1].[O:4]=[C:3]([OH:2])[c:5]1[cH:6][cH:7][cH:8][cH:9][c:10]1[OH:1].[O:4]=[C:3]([OH:2])[c:5]1[cH:10][cH:9][cH:8][c:7]([cH:6]1)[OH:1],products > 1
3,US03931268A;nan;1976;pistachio;719,[CH3:1][N:2](C(=O)OCc1ccccc1)[N:3]([CH2:4][c:5]1[cH:6][cH:7][c:8]([cH:9][cH:10]1)[C:11](=[O:12])Cl)C(=O)OCc1ccccc1>O.Cl.CCOCC.COCCOCCOC.O[Na]>Br.[CH3:1][NH:2][NH:3][CH2:4][c:5]1[cH:6][cH:7][c:8]([cH:9][cH:10]1)[CH:11]=[O:12],products > 1
4,US03931268A;nan;1976;pistachio;720,[CH3:1][NH:2][NH:3][CH2:4][c:5]1[cH:6][cH:7][c:8]([cH:9][cH:10]1)[C:11](=[O:12])[NH:13][CH:14]([CH3:15])[CH3:16].Br>O=C(O[K])O[K].ClCCl.O>[CH3:1][NH:2][NH:3][CH2:4][c:5]1[cH:6][cH:7][c:8]([cH:9][cH:10]1)[C:11](=[O:12])[NH:13][CH:14]([CH3:15])[CH3:16].Cl,products > 1
5,US03931268A;nan;1976;pistachio;721,[CH3:1][N:2](C(=O)OCc1ccccc1)[N:3]([CH2:4][c:5]1[cH:6][cH:7][c:8]([cH:9][cH:10]1)[C:11](=[O:12])Cl)C(=O)OCc1ccccc1.[CH3:13][N:14]([CH2:15][CH2:16][NH2:17])C(=O)OCc1ccccc1>CCN(CC)CC.ClCCl>[CH3:13][NH:14][CH2:15][CH2:16][NH:17][C:11](=[O:12])[c:8]1[cH:7][cH:6][c:5]([cH:10][cH:9]1)[CH2:4][NH:3][NH:2][CH3:1].Br.Br,products > 1
6,US03931268A;nan;1976;pistachio;725,[CH3:1][N:2](C(=O)OCc1ccccc1)[N:3]([CH2:4][c:5]1[cH:6][cH:7][c:8]([cH:9][cH:10]1)[C:11]#[N:12])C(=O)OCc1ccccc1.[CH3:13][C:14]([CH3:15])([CH3:16])[OH:17]>O=S(=O)(O)O.CC(=O)O>[CH3:1][NH:2][NH:3][CH2:4][c:5]1[cH:6][cH:7][c:8]([cH:9][cH:10]1)[C:11](=[O:17])[NH:12][C:14]([CH3:13])([CH3:15])[CH3:16].Br,products > 1
7,US03931268A;nan;1976;pistachio;726,[CH3:1][N:2](C(=O)OCc1ccccc1)[N:3]([CH2:4][c:5]1[cH:6][cH:7][c:8]([cH:9][cH:10]1)[C:11]#[N:12])C(=O)OCc1ccccc1>Br.CC(=O)O>Cl.[CH3:1][NH:2][NH:3][CH2:4][c:5]1[cH:6][cH:7][c:8]([cH:9][cH:10]1)[C:11]([NH2:12])=O,products > 1
8,US03931268A;nan;1976;pistachio;727,C[N:1]([C:2](=O)OCc1ccccc1)[N:3]([CH2:4][c:5]1[cH:6][cH:7][c:8]([cH:9][cH:10]1)[C:11](=[O:12])Cl)[C:13](=[O:14])[O:15]Cc1ccccc1.[CH3:16][CH2:17][CH:18]([NH2:19])[CH2:20][OH:21].[CH3:22][OH:23].[OH2:24]>ClCCl.ClCCl>[CH3:2][NH:1][NH:3][CH2:4][c:5]1[cH:10][cH:9][c:8]([cH:7][cH:6]1)[C:11](=[O:12])[NH:19][CH:18]([CH2:17][CH3:16])[CH2:20][OH:21].[O:14]=[C:13]([OH:15])[C:22](=[O:24])[OH:23],products > 1
9,US03931268A;nan;1976;pistachio;728,C[N:1]([C:2](=[O:3])[O:4]Cc1ccccc1)[N:5]([CH2:6][c:7]1[cH:8][cH:9][c:10]([cH:11][cH:12]1)[C:13](=[O:14])Cl)C(=O)OCc1ccccc1.[CH3:15][C:16]([CH3:17])([NH2:18])[CH2:19][OH:20].[O:21]=[C:22]([O:23][Na])O[Na]>O.CCOCC>[CH3:2][NH:1][NH:5][CH2:6][c:7]1[cH:8][cH:9][c:10]([cH:11][cH:12]1)[C:13](=[O:14])[NH:18][C:16]([CH3:17])([CH3:15])[CH2:19][OH:20].[O:4]=[C:2]([OH:3])[C:22](=[O:21])[OH:23],products > 1
10,US03931268A;nan;1976;pistachio;729,[CH3:1][N:2](C(=O)OCc1ccccc1)[N:3]([CH2:4][c:5]1[cH:6][cH:7][c:8]([cH:9][cH:10]1)[C:11](=[O:12])Cl)C(=O)OCc1ccccc1.[NH2:13][CH2:14][CH:15]([OH:16])[C:17]([Cl:18])([Cl:19])[Cl:20].[BrH:21]>CC(=O)O.ClCCl.O>[CH3:1][NH:2][NH:3][CH2:4][c:5]1[cH:6][cH:7][c:8]([cH:9][cH:10]1)[C:11](=[O:12])[NH:13][CH2:14][CH:15]([OH:16])[C:17]([Cl:18])([Cl:19])[Cl:20].[BrH:21],products > 1
11,US03931268A;nan;1976;pistachio;730,[CH3:1][CH:2]([CH3:3])[NH:4][C:5](=O)c1ccc(cc1)[CH2:6][N:7](C(=O)OCc1ccccc1)[N:8]([CH3:9])C(=O)OCc1ccccc1.[cH:10]1[cH:11][cH:12][cH:13][cH:14][cH:15]1.[BrH:16]>ClP(Cl)(Cl)(Cl)Cl.CC(=O)O>[CH3:6][NH:7][NH:8][CH2:9][c:10]1[cH:11][cH:12][c:13]([cH:14][cH:15]1)[C:5](=[N:4][CH:2]([CH3:1])[CH3:3])[NH:4][CH:2]([CH3:3])[CH3:1].[BrH:16].[BrH:16],products > 1
12,US03931301A;nan;1976;pistachio;756,[ClH:1].[CH3:2][NH:3][CH2:4][C:5](=[O:6])[NH:7][c:8]1[cH:9][cH:10][c:11]([cH:12][c:13]1[C:14](=[O:15])[c:16]1[cH:17][cH:18][cH:19][cH:20][cH:21]1)[Cl:22].[CH3:23][CH2:24][O:25][C:26](=[O:27])[CH2:28]Br>CC(C)=O.O=C(O[K])O[K]>[ClH:1].[CH3:23][CH2:24][O:25][C:26](=[O:27])[CH2:28][N:3]([CH3:2])[CH2:4][C:5](=[O:6])[NH:7][c:8]1[cH:9][cH:10][c:11]([cH:12][c:13]1[C:14](=[O:15])[c:16]1[cH:17][cH:18][cH:19][cH:20][cH:21]1)[Cl:22],products > 1
13,US03931301A;nan;1976;pistachio;757,[CH3:1][NH:2][CH2:3][C:4](=[O:5])[NH:6][c:7]1[cH:8][cH:9][c:10]([cH:11][c:12]1[C:13](=[O:14])[c:15]1[cH:16][cH:17][cH:18][cH:19][cH:20]1)[Cl:21].[O:22]=[C:23]([OH:24])[CH2:25]Cl.[ClH:26]>Cc1ccccc1C.CCN(CC)CC>[CH3:1][N:2]([CH2:3][C:4](=[O:5])[NH:6][c:7]1[cH:8][cH:9][c:10]([cH:11][c:12]1[C:13](=[O:14])[c:15]1[cH:16][cH:17][cH:18][cH:19][cH:20]1)[Cl:21])[CH2:25][C:23](=[O:22])[OH:24].[ClH:26],products > 1
14,US03931301A;nan;1976;pistachio;758,[O:1]=[C:2]([CH2:3]Cl)[NH:4][c:5]1[cH:6][cH:7][c:8]([cH:9][c:10]1[C:11](=[O:12])[c:13]1[cH:14][cH:15][cH:16][cH:17][cH:18]1)[Cl:19].[CH3:20][NH2:21].[ClH:22]>C1COCCO1.CO>[CH3:20][NH:21][CH2:3][C:2](=[O:1])[NH:4][c:5]1[cH:6][cH:7][c:8]([cH:9][c:10]1[C:11](=[O:12])[c:13]1[cH:18][cH:17][cH:16][cH:15][cH:14]1)[Cl:19].[ClH:22],products > 1
15,US03931301A;nan;1976;pistachio;759,[CH2:1]=O.[CH3:2][NH:3][CH2:4][C:5](=[O:6])[NH:7][c:8]1[cH:9][cH:10][c:11]([cH:12][c:13]1[C:14](=[O:15])[c:16]1[cH:17][cH:18][cH:19][cH:20][cH:21]1)[Cl:22].[N:23]#[C:24][K]>O.O=S(O)O[Na]>Cl.[CH3:2][N:3]([CH2:1][C:24]#[N:23])[CH2:4][C:5](=[O:6])[NH:7][c:8]1[cH:9][cH:10][c:11]([cH:12][c:13]1[C:14](=[O:15])[c:16]1[cH:17][cH:18][cH:19][cH:20][cH:21]1)[Cl:22],products > 1
16,US03931308A;nan;1976;pistachio;765,Cl.[NH2:1][CH2:2][CH2:3][CH2:4][CH2:5][C@H:6]([NH2:7])[C:8](=[O:9])[OH:10]>O.Cl.CO>[NH2:1][CH2:2][CH2:3][CH2:4][CH2:5][C@H:6]([NH2:7])[C:8](=[O:9])[OH:10],reactants = products
17,US03931283A;nan;1976;pistachio;766,[CH3:1][CH2:2][CH2:3][CH2:4][CH2:5][C@H:6]([OH:7])/[CH:8]=[CH:9]/[C@H:10]1[CH:11]=[CH:12][C:13]([C@@H:14]1[CH2:15]/[CH:16]=[CH:17][CH2:18][CH2:19][CH2:20][C:21](=[O:22])[OH:23])=[O:24]>Cl.CO.OO.O[Na]>[CH3:1][CH2:2][CH2:3][CH2:4][CH2:5][C@H:6]([OH:7])/[CH:8]=[CH:9]/[C@H:10]1[C@H:11]([CH2:12][C:13]([C@@H:14]1[CH2:15]/[CH:16]=[CH:17][CH2:18][CH2:19][CH2:20][C:21](=[O:22])[OH:23])=[O:24])O.[CH3:1][CH2:2][CH2:3][CH2:4][CH2:5][C@H:6]([OH:7])/[CH:8]=[CH:9]/[C@H:10]1[C@@H:11]([CH2:12][C:13]([C@@H:14]1[CH2:15]/[CH:16]=[CH:17][CH2:18][CH2:19][CH2:20][C:21](=[O:22])[OH:23])=[O:24])O,products > 1
18,US03931314A;nan;1976;pistachio;767,[ClH:1].[CH3:2][NH:3][CH2:4][C:5](=[O:6])[NH:7][c:8]1[cH:9][cH:10][c:11]([cH:12][c:13]1[C:14](=[O:15])[c:16]1[cH:17][cH:18][cH:19][cH:20][cH:21]1)[Cl:22].[CH3:23][CH2:24][O:25][C:26](=[O:27])[CH2:28]Br>CC(C)=O.O=C(O[K])O[K]>[ClH:1].[CH3:23][CH2:24][O:25][C:26](=[O:27])[CH2:28][N:3]([CH3:2])[CH2:4][C:5](=[O:6])[NH:7][c:8]1[cH:9][cH:10][c:11]([cH:12][c:13]1[C:14](=[O:15])[c:16]1[cH:17][cH:18][cH:19][cH:20][cH:21]1)[Cl:22],products > 1
19,US03931314A;nan;1976;pistachio;768,[CH3:1][NH:2][CH2:3][C:4](=[O:5])[NH:6][c:7]1[cH:8][cH:9][c:10]([cH:11][c:12]1[C:13](=[O:14])[c:15]1[cH:16][cH:17][cH:18][cH:19][cH:20]1)[Cl:21].[O:22]=[C:23]([OH:24])[CH2:25]Cl.[ClH:26]>Cc1ccccc1C.CCN(CC)CC>[CH3:1][N:2]([CH2:3][C:4](=[O:5])[NH:6][c:7]1[cH:8][cH:9][c:10]([cH:11][c:12]1[C:13](=[O:14])[c:15]1[cH:16][cH:17][cH:18][cH:19][cH:20]1)[Cl:21])[CH2:25][C:23](=[O:22])[OH:24].[ClH:26],products > 1
20,US03931314A;nan;1976;pistachio;769,[O:1]=[C:2]([CH2:3]Cl)[NH:4][c:5]1[cH:6][cH:7][c:8]([cH:9][c:10]1[C:11](=[O:12])[c:13]1[cH:14][cH:15][cH:16][cH:17][cH:18]1)[Cl:19].[CH3:20][NH2:21].[ClH:22]>C1COCCO1.CO>[CH3:20][NH:21][CH2:3][C:2](=[O:1])[NH:4][c:5]1[cH:6][cH:7][c:8]([cH:9][c:10]1[C:11](=[O:12])[c:13]1[cH:18][cH:17][cH:16][cH:15][cH:14]1)[Cl:19].[ClH:22],products > 1
21,US03931314A;nan;1976;pistachio;770,[CH2:1]=O.[CH3:2][NH:3][CH2:4][C:5](=[O:6])[NH:7][c:8]1[cH:9][cH:10][c:11]([cH:12][c:13]1[C:14](=[O:15])[c:16]1[cH:17][cH:18][cH:19][cH:20][cH:21]1)[Cl:22].[N:23]#[C:24][K]>O.O=S(O)O[Na]>Cl.[CH3:2][N:3]([CH2:1][C:24]#[N:23])[CH2:4][C:5](=[O:6])[NH:7][c:8]1[cH:9][cH:10][c:11]([cH:12][c:13]1[C:14](=[O:15])[c:16]1[cH:17][cH:18][cH:19][cH:20][cH:21]1)[Cl:22],products > 1
22,US03931324A;nan;1976;pistachio;775,[CH3:1][C:2]([CH3:3])([CH3:4])[O:5][O:6][C:7]1([CH2:8][CH2:9][CH2:10][CH2:11][CH2:12]1)[O:13][O:14][C:15]([CH3:16])([CH3:17])[CH3:18].[O:19]=[C:20]1[CH2:21][CH2:22][CH2:23][CH2:24][CH2:25]1.[CH3:26][C:27]([CH3:28])([CH3:29])OO>[Mo]>[CH3:16][C:15]([CH3:17])([CH3:18])[O:14][O:13][C:7]1([CH2:12][CH2:11][CH2:10][CH2:9][CH2:8]1)[O:6][O:5][C:2]([CH3:1])([CH3:3])[CH3:4].[CH3:26][C:27]([CH3:28])([CH3:29])[O:19][CH:20]1[CH2:21][CH2:22][CH2:23][CH2:24][C:25]1=[O:14],products > 1
23,US03931316A;nan;1976;pistachio;776,[O:1]=[S:2](=[O:3])([OH:4])[OH:5].[N-:6]=[C:7]=[N-:8].[CH3:9][OH:10]>O=S(=O)(O)O.O=S(=O)(O)O.[N-]=C=[N-]>[CH3:9][O:10][C:7](=[NH:6])[NH2:8].[O:4]=[S:2](=[O:5])([OH:1])[OH:3],products > 1
24,US03931316A;nan;1976;pistachio;777,[CH3:1][OH:2].[N-:3]=[C:4]=[N-:5].[O-:6][S:7](=[O:8])(=[O:9])[OH:10]>>[CH3:1][O:2][C:4](=[NH:5])[NH2:3].[O-:6][S:7]([O-:10])(=[O:8])=[O:9].[O:8]=[S:7](=[O:9])([OH:10])[OH:6],products > 1
25,US03931316A;nan;1976;pistachio;778,[O:1]=[S:2](=[O:3])([OH:4])[OH:5].[N-:6]=[C:7]=[N-:8].[CH3:9][OH:10]>O=S(=O)(O)O.O=S(=O)(O)O.[N-]=C=[N-]>[CH3:9][O:10][C:7](=[NH:6])[NH2:8].[O:4]=[S:2](=[O:5])([OH:1])[OH:3],products > 1
26,US03931316A;nan;1976;pistachio;779,[O:1]=[S:2](=[O:3])([OH:4])[OH:5].[N-:6]=[C:7]=[N-:8].[CH3:9][OH:10]>O=S(=O)(O)O.O=S(=O)(O)O.[N-]=C=[N-]>[CH3:9][O:10][C:7](=[NH:6])[NH2:8].[O:4]=[S:2](=[O:5])([OH:1])[OH:3],products > 1
27,US03931284A;nan;1976;pistachio;786,[CH3:1][CH2:2][CH2:3][CH2:4][CH2:5][C@H:6]([OH:7])/[CH:8]=[CH:9]/[C@H:10]1[CH:11]=[CH:12][C:13]([C@@H:14]1[CH2:15]/[CH:16]=[CH:17][CH2:18][CH2:19][CH2:20][C:21](=[O:22])[OH:23])=[O:24]>Cl.CO.OO.O[Na]>[CH3:1][CH2:2][CH2:3][CH2:4][CH2:5][C@H:6]([OH:7])/[CH:8]=[CH:9]/[C@H:10]1[C@H:11]([CH2:12][C:13]([C@@H:14]1[CH2:15]/[CH:16]=[CH:17][CH2:18][CH2:19][CH2:20][C:21](=[O:22])[OH:23])=[O:24])O.[CH3:1][CH2:2][CH2:3][CH2:4][CH2:5][C@H:6]([OH:7])/[CH:8]=[CH:9]/[C@H:10]1[C@@H:11]([CH2:12][C:13]([C@@H:14]1[CH2:15]/[CH:16]=[CH:17][CH2:18][CH2:19][CH2:20][C:21](=[O:22])[OH:23])=[O:24])O,products > 1
28,US03931296A;nan;1976;pistachio;798,[cH:1]1[cH:2][cH:3][c:4]([cH:5][cH:6]1)[P:7]([c:8]1[cH:9][cH:10][cH:11][cH:12][cH:13]1)[c:14]1[cH:15][cH:16][cH:17][cH:18][cH:19]1.[O:20]=[C:21]([OH:22])[CH2:23][CH2:24][Br:25]>CC#N>[O:20]=[C:21]([OH:22])[CH2:23][CH2:24][P+:7]([c:8]1[cH:9][cH:10][cH:11][cH:12][cH:13]1)([c:14]1[cH:15][cH:16][cH:17][cH:18][cH:19]1)[c:4]1[cH:3][cH:2][cH:1][cH:6][cH:5]1.[Br-:25],products > 1
29,US03931296A;nan;1976;pistachio;799,[CH3:1][CH2:2][CH2:3][CH2:4][CH2:5][C@H:6]([OH:7])/[CH:8]=[CH:9]/[C@@H:10]1[C@H:11]([C:12]([CH2:13][C@H:14]1O)=[O:15])[CH2:16][CH2:17][CH2:18][CH2:19][CH2:20][CH2:21][C:22](=[O:23])[OH:24]>CC(=O)O>[CH3:1][CH2:2][CH2:3][CH2:4][CH2:5][C@H:6]([OH:7])/[CH:8]=[CH:9]/[C@H:10]1[CH:14]=[CH:13][C:12]([C@@H:11]1[CH2:16][CH2:17][CH2:18][CH2:19][CH2:20][CH2:21][C:22](=[O:23])[OH:24])=[O:15],template generation failure
